{
  "num_requests": 200,
  "num_successful": 200,
  "num_failed": 0,
  "ttft_p50_ms": 2618.530750274658,
  "ttft_p95_ms": 5174.756228923798,
  "ttft_p99_ms": 5176.046960353851,
  "total_latency_p50_ms": 7434.606671333313,
  "total_latency_p95_ms": 9982.345247268677,
  "total_latency_p99_ms": 9985.309300422668,
  "tpot_p50_ms": 19.00542156369078,
  "tpot_p95_ms": 19.126871707392674,
  "tpot_p99_ms": 19.15599169450648,
  "throughput_tok_per_sec": 5122.044028590931,
  "gpu_utilization_mean": 98.02,
  "gpu_utilization_p50": 100.0,
  "concurrency": 256,
  "wall_time_ms": 10008.147621527314,
  "model_id": "meta-llama/Llama-3.1-8B-Instruct",
  "model_short_name": "Llama-3.1-8B-Instruct"
}