{
  "num_requests": 200,
  "num_successful": 200,
  "num_failed": 0,
  "ttft_p50_ms": 37.01305389404297,
  "ttft_p95_ms": 54.274344444274895,
  "ttft_p99_ms": 2034.0728974342346,
  "total_latency_p50_ms": 3042.922616004944,
  "total_latency_p95_ms": 3059.453058242798,
  "total_latency_p99_ms": 5039.641752243042,
  "tpot_p50_ms": 11.784925180322983,
  "tpot_p95_ms": 11.82245039472393,
  "tpot_p99_ms": 11.83383207621537,
  "throughput_tok_per_sec": 655.2134927246004,
  "gpu_utilization_mean": 97.3974358974359,
  "gpu_utilization_p50": 100.0,
  "concurrency": 8,
  "wall_time_ms": 78158.95872749388,
  "model_id": "meta-llama/Llama-3.1-8B-Instruct",
  "model_short_name": "Llama-3.1-8B-Instruct"
}