{
  "num_requests": 200,
  "num_successful": 200.0,
  "num_failed": 0,
  "ttft_p50_ms": 67.8892731666565,
  "ttft_p95_ms": 2160.1417303085327,
  "ttft_p99_ms": 1131.7673242092133,
  "total_latency_p50_ms": 3560.086488723755,
  "total_latency_p95_ms": 5653.379702568054,
  "total_latency_p99_ms": 5658.135235309601,
  "tpot_p50_ms": 13.70606819788615,
  "tpot_p95_ms": 13.76604627160465,
  "tpot_p99_ms": 13.773940142463236,
  "throughput_tok_per_sec": 2013.8488241518312,
  "gpu_utilization_mean": 95.42294372294373,
  "gpu_utilization_p50": 100.0,
  "concurrency": 32,
  "wall_time_ms": 26477.459689602256,
  "model_id": "meta-llama/Llama-3.1-8B-Instruct",
  "model_short_name": "Llama-3.1-8B-Instruct",
  "repeats": 2,
  "throughput_tok_per_sec_mean": 2013.8488241518312,
  "throughput_tok_per_sec_std": 78.14748771095572,
  "ttft_p50_ms_mean": 67.8892731666565,
  "ttft_p50_ms_std": 1.37251615524292,
  "ttft_p99_ms_mean": 1131.7673242092133,
  "ttft_p99_ms_std": 1029.182289838791,
  "tpot_p50_ms_mean": 13.70606819788615,
  "tpot_p50_ms_std": 0.00028399860157701795,
  "gpu_utilization_mean_mean": 95.42294372294373,
  "gpu_utilization_mean_std": 4.1199134199134235,
  "num_successful_mean": 200.0,
  "num_successful_std": 0.0,
  "runs": [
    {
      "num_requests": 200,
      "num_successful": 200,
      "num_failed": 0,
      "ttft_p50_ms": 66.51675701141357,
      "ttft_p95_ms": 2160.1417303085327,
      "ttft_p99_ms": 2160.949614048004,
      "total_latency_p50_ms": 3560.086488723755,
      "total_latency_p95_ms": 5653.379702568054,
      "total_latency_p99_ms": 5658.135235309601,
      "tpot_p50_ms": 13.705784199284572,
      "tpot_p95_ms": 13.76604627160465,
      "tpot_p99_ms": 13.773940142463236,
      "throughput_tok_per_sec": 1935.7013364408756,
      "gpu_utilization_mean": 91.3030303030303,
      "gpu_utilization_p50": 100.0,
      "concurrency": 32,
      "wall_time_ms": 26477.459689602256,
      "model_id": "meta-llama/Llama-3.1-8B-Instruct",
      "model_short_name": "Llama-3.1-8B-Instruct"
    },
    {
      "num_requests": 200,
      "num_successful": 200,
      "num_failed": 0,
      "ttft_p50_ms": 69.26178932189941,
      "ttft_p95_ms": 100.96888542175293,
      "ttft_p99_ms": 102.58503437042236,
      "total_latency_p50_ms": 3564.2224550247192,
      "total_latency_p95_ms": 3603.660464286804,
      "total_latency_p99_ms": 3605.4888439178467,
      "tpot_p50_ms": 13.706352196487726,
      "tpot_p95_ms": 13.756384943045822,
      "tpot_p99_ms": 13.779646527533439,
      "throughput_tok_per_sec": 2091.996311862787,
      "gpu_utilization_mean": 99.54285714285714,
      "gpu_utilization_p50": 100.0,
      "concurrency": 32,
      "wall_time_ms": 24498.114213347435,
      "model_id": "meta-llama/Llama-3.1-8B-Instruct",
      "model_short_name": "Llama-3.1-8B-Instruct"
    }
  ]
}