{
  "num_requests": 200,
  "num_successful": 200.0,
  "num_failed": 0,
  "ttft_p50_ms": 96.32956981658936,
  "ttft_p95_ms": 171.96111679077148,
  "ttft_p99_ms": 163.43701720237732,
  "total_latency_p50_ms": 4307.534337043762,
  "total_latency_p95_ms": 4389.774978160858,
  "total_latency_p99_ms": 4393.725230693817,
  "tpot_p50_ms": 16.578203556584377,
  "tpot_p95_ms": 16.599465117735022,
  "tpot_p99_ms": 16.610897559745638,
  "throughput_tok_per_sec": 3195.5046342983323,
  "gpu_utilization_mean": 99.2772903726708,
  "gpu_utilization_p50": 100.0,
  "concurrency": 64,
  "wall_time_ms": 15982.178814709187,
  "model_id": "meta-llama/Llama-3.1-8B-Instruct",
  "model_short_name": "Llama-3.1-8B-Instruct",
  "repeats": 2,
  "throughput_tok_per_sec_mean": 3195.5046342983323,
  "throughput_tok_per_sec_std": 11.386917926693286,
  "ttft_p50_ms_mean": 96.32956981658936,
  "ttft_p50_ms_std": 10.610222816467285,
  "ttft_p99_ms_mean": 163.43701720237732,
  "ttft_p99_ms_std": 23.11509490013121,
  "tpot_p50_ms_mean": 16.578203556584377,
  "tpot_p50_ms_std": 0.02701189003738591,
  "gpu_utilization_mean_mean": 99.2772903726708,
  "gpu_utilization_mean_std": 0.010209627329189175,
  "num_successful_mean": 200.0,
  "num_successful_std": 0.0,
  "runs": [
    {
      "num_requests": 200,
      "num_successful": 200,
      "num_failed": 0,
      "ttft_p50_ms": 85.71934700012207,
      "ttft_p95_ms": 171.96111679077148,
      "ttft_p99_ms": 186.55211210250852,
      "total_latency_p50_ms": 4307.534337043762,
      "total_latency_p95_ms": 4389.774978160858,
      "total_latency_p99_ms": 4393.725230693817,
      "tpot_p50_ms": 16.55119166654699,
      "tpot_p95_ms": 16.599465117735022,
      "tpot_p99_ms": 16.610897559745638,
      "throughput_tok_per_sec": 3206.891552225026,
      "gpu_utilization_mean": 99.2875,
      "gpu_utilization_p50": 100.0,
      "concurrency": 64,
      "wall_time_ms": 15982.178814709187,
      "model_id": "meta-llama/Llama-3.1-8B-Instruct",
      "model_short_name": "Llama-3.1-8B-Instruct"
    },
    {
      "num_requests": 200,
      "num_successful": 200,
      "num_failed": 0,
      "ttft_p50_ms": 106.93979263305664,
      "ttft_p95_ms": 139.95357751846313,
      "ttft_p99_ms": 140.3219223022461,
      "total_latency_p50_ms": 4347.594499588013,
      "total_latency_p95_ms": 4377.191960811615,
      "total_latency_p99_ms": 4384.261736869812,
      "tpot_p50_ms": 16.605215446621763,
      "tpot_p95_ms": 16.714382872861975,
      "tpot_p99_ms": 16.73858023624794,
      "throughput_tok_per_sec": 3184.1177163716393,
      "gpu_utilization_mean": 99.26708074534162,
      "gpu_utilization_p50": 100.0,
      "concurrency": 64,
      "wall_time_ms": 16100.533040240407,
      "model_id": "meta-llama/Llama-3.1-8B-Instruct",
      "model_short_name": "Llama-3.1-8B-Instruct"
    }
  ]
}