{
  "num_requests": 200,
  "num_successful": 200,
  "num_failed": 0,
  "ttft_p50_ms": 20.46835422515869,
  "ttft_p95_ms": 26.374208927154537,
  "ttft_p99_ms": 29.861407279968258,
  "total_latency_p50_ms": 2957.47447013855,
  "total_latency_p95_ms": 2965.452551841736,
  "total_latency_p99_ms": 2967.753322124481,
  "tpot_p50_ms": 11.513303775413364,
  "tpot_p95_ms": 11.542292108722762,
  "tpot_p99_ms": 11.546656122394637,
  "throughput_tok_per_sec": 86.54665364888152,
  "gpu_utilization_mean": 99.62408944604438,
  "gpu_utilization_p50": 100.0,
  "concurrency": 1,
  "wall_time_ms": 591639.5388767123,
  "model_id": "meta-llama/Llama-3.1-8B-Instruct",
  "model_short_name": "Llama-3.1-8B-Instruct"
}