{
  "num_requests": 200,
  "num_successful": 200.0,
  "num_failed": 0,
  "ttft_p50_ms": 318.52036714553833,
  "ttft_p95_ms": 5133.851158618927,
  "ttft_p99_ms": 5140.854134559631,
  "total_latency_p50_ms": 5368.891596794128,
  "total_latency_p95_ms": 10001.866555213928,
  "total_latency_p99_ms": 10010.232269763947,
  "tpot_p50_ms": 19.05834931953281,
  "tpot_p95_ms": 19.158458990209244,
  "tpot_p99_ms": 19.172382055544386,
  "throughput_tok_per_sec": 5013.526772687077,
  "gpu_utilization_mean": 97.43891089108911,
  "gpu_utilization_p50": 100.0,
  "concurrency": 128,
  "wall_time_ms": 10426.638349890709,
  "model_id": "meta-llama/Llama-3.1-8B-Instruct",
  "model_short_name": "Llama-3.1-8B-Instruct",
  "repeats": 2,
  "throughput_tok_per_sec_mean": 5013.526772687077,
  "throughput_tok_per_sec_std": 94.23752342375019,
  "ttft_p50_ms_mean": 318.52036714553833,
  "ttft_p50_ms_std": 166.89330339431763,
  "ttft_p99_ms_mean": 5140.854134559631,
  "ttft_p99_ms_std": 16.587562561035156,
  "tpot_p50_ms_mean": 19.05834931953281,
  "tpot_p50_ms_std": 0.0028855660382429704,
  "gpu_utilization_mean_mean": 97.43891089108911,
  "gpu_utilization_mean_std": 1.2210891089108884,
  "num_successful_mean": 200.0,
  "num_successful_std": 0.0,
  "runs": [
    {
      "num_requests": 200,
      "num_successful": 200,
      "num_failed": 0,
      "ttft_p50_ms": 485.41367053985596,
      "ttft_p95_ms": 5133.851158618927,
      "ttft_p99_ms": 5157.4416971206665,
      "total_latency_p50_ms": 5368.891596794128,
      "total_latency_p95_ms": 10001.866555213928,
      "total_latency_p99_ms": 10010.232269763947,
      "tpot_p50_ms": 19.055463753494564,
      "tpot_p95_ms": 19.158458990209244,
      "tpot_p99_ms": 19.172382055544386,
      "throughput_tok_per_sec": 4919.289249263326,
      "gpu_utilization_mean": 96.21782178217822,
      "gpu_utilization_p50": 100.0,
      "concurrency": 128,
      "wall_time_ms": 10426.638349890709,
      "model_id": "meta-llama/Llama-3.1-8B-Instruct",
      "model_short_name": "Llama-3.1-8B-Instruct"
    },
    {
      "num_requests": 200,
      "num_successful": 200,
      "num_failed": 0,
      "ttft_p50_ms": 151.6270637512207,
      "ttft_p95_ms": 5123.212993144989,
      "ttft_p99_ms": 5124.266571998596,
      "total_latency_p50_ms": 5008.314847946167,
      "total_latency_p95_ms": 9985.05357503891,
      "total_latency_p99_ms": 9990.884218215942,
      "tpot_p50_ms": 19.06123488557105,
      "tpot_p95_ms": 19.136713906830433,
      "tpot_p99_ms": 19.146469751993816,
      "throughput_tok_per_sec": 5107.764296110827,
      "gpu_utilization_mean": 98.66,
      "gpu_utilization_p50": 100.0,
      "concurrency": 128,
      "wall_time_ms": 10039.994468912482,
      "model_id": "meta-llama/Llama-3.1-8B-Instruct",
      "model_short_name": "Llama-3.1-8B-Instruct"
    }
  ]
}