{
  "num_requests": 200,
  "num_successful": 200.0,
  "num_failed": 0,
  "ttft_p50_ms": 2608.361840248108,
  "ttft_p95_ms": 5174.756228923798,
  "ttft_p99_ms": 5171.242059469223,
  "total_latency_p50_ms": 7434.606671333313,
  "total_latency_p95_ms": 9982.345247268677,
  "total_latency_p99_ms": 9985.309300422668,
  "tpot_p50_ms": 19.008174363304587,
  "tpot_p95_ms": 19.126871707392674,
  "tpot_p99_ms": 19.15599169450648,
  "throughput_tok_per_sec": 5121.198461570859,
  "gpu_utilization_mean": 98.47,
  "gpu_utilization_p50": 100.0,
  "concurrency": 256,
  "wall_time_ms": 10008.147621527314,
  "model_id": "meta-llama/Llama-3.1-8B-Instruct",
  "model_short_name": "Llama-3.1-8B-Instruct",
  "repeats": 2,
  "throughput_tok_per_sec_mean": 5121.198461570859,
  "throughput_tok_per_sec_std": 0.8455670200719396,
  "ttft_p50_ms_mean": 2608.361840248108,
  "ttft_p50_ms_std": 10.168910026550293,
  "ttft_p99_ms_mean": 5171.242059469223,
  "ttft_p99_ms_std": 4.804900884628296,
  "tpot_p50_ms_mean": 19.008174363304587,
  "tpot_p50_ms_std": 0.002752799613805479,
  "gpu_utilization_mean_mean": 98.47,
  "gpu_utilization_mean_std": 0.45000000000000284,
  "num_successful_mean": 200.0,
  "num_successful_std": 0.0,
  "runs": [
    {
      "num_requests": 200,
      "num_successful": 200,
      "num_failed": 0,
      "ttft_p50_ms": 2618.530750274658,
      "ttft_p95_ms": 5174.756228923798,
      "ttft_p99_ms": 5176.046960353851,
      "total_latency_p50_ms": 7434.606671333313,
      "total_latency_p95_ms": 9982.345247268677,
      "total_latency_p99_ms": 9985.309300422668,
      "tpot_p50_ms": 19.00542156369078,
      "tpot_p95_ms": 19.126871707392674,
      "tpot_p99_ms": 19.15599169450648,
      "throughput_tok_per_sec": 5122.044028590931,
      "gpu_utilization_mean": 98.02,
      "gpu_utilization_p50": 100.0,
      "concurrency": 256,
      "wall_time_ms": 10008.147621527314,
      "model_id": "meta-llama/Llama-3.1-8B-Instruct",
      "model_short_name": "Llama-3.1-8B-Instruct"
    },
    {
      "num_requests": 200,
      "num_successful": 200,
      "num_failed": 0,
      "ttft_p50_ms": 2598.1929302215576,
      "ttft_p95_ms": 5165.313220024109,
      "ttft_p99_ms": 5166.437158584595,
      "total_latency_p50_ms": 7414.522767066956,
      "total_latency_p95_ms": 9988.077139854431,
      "total_latency_p99_ms": 9990.444004535675,
      "tpot_p50_ms": 19.010927162918392,
      "tpot_p95_ms": 19.102147373498656,
      "tpot_p99_ms": 19.116039435068764,
      "throughput_tok_per_sec": 5120.352894550787,
      "gpu_utilization_mean": 98.92,
      "gpu_utilization_p50": 100.0,
      "concurrency": 256,
      "wall_time_ms": 10031.976271420717,
      "model_id": "meta-llama/Llama-3.1-8B-Instruct",
      "model_short_name": "Llama-3.1-8B-Instruct"
    }
  ]
}