{
  "num_requests": 200,
  "num_successful": 200.0,
  "num_failed": 0,
  "ttft_p50_ms": 41.17029905319214,
  "ttft_p95_ms": 54.274344444274895,
  "ttft_p99_ms": 1044.3799257278442,
  "total_latency_p50_ms": 3042.922616004944,
  "total_latency_p95_ms": 3059.453058242798,
  "total_latency_p99_ms": 5039.641752243042,
  "tpot_p50_ms": 11.78583491082285,
  "tpot_p95_ms": 11.82245039472393,
  "tpot_p99_ms": 11.83383207621537,
  "throughput_tok_per_sec": 662.9607089733108,
  "gpu_utilization_mean": 98.64753684635573,
  "gpu_utilization_p50": 100.0,
  "concurrency": 8,
  "wall_time_ms": 78158.95872749388,
  "model_id": "meta-llama/Llama-3.1-8B-Instruct",
  "model_short_name": "Llama-3.1-8B-Instruct",
  "repeats": 2,
  "throughput_tok_per_sec_mean": 662.9607089733108,
  "throughput_tok_per_sec_std": 7.747216248710458,
  "ttft_p50_ms_mean": 41.17029905319214,
  "ttft_p50_ms_std": 4.15724515914917,
  "ttft_p99_ms_mean": 1044.3799257278442,
  "ttft_p99_ms_std": 989.6929717063904,
  "tpot_p50_ms_mean": 11.78583491082285,
  "tpot_p50_ms_std": 0.0009097304998668676,
  "gpu_utilization_mean_mean": 98.64753684635573,
  "gpu_utilization_mean_std": 1.2501009489198438,
  "num_successful_mean": 200.0,
  "num_successful_std": 0.0,
  "runs": [
    {
      "num_requests": 200,
      "num_successful": 200,
      "num_failed": 0,
      "ttft_p50_ms": 37.01305389404297,
      "ttft_p95_ms": 54.274344444274895,
      "ttft_p99_ms": 2034.0728974342346,
      "total_latency_p50_ms": 3042.922616004944,
      "total_latency_p95_ms": 3059.453058242798,
      "total_latency_p99_ms": 5039.641752243042,
      "tpot_p50_ms": 11.784925180322983,
      "tpot_p95_ms": 11.82245039472393,
      "tpot_p99_ms": 11.83383207621537,
      "throughput_tok_per_sec": 655.2134927246004,
      "gpu_utilization_mean": 97.3974358974359,
      "gpu_utilization_p50": 100.0,
      "concurrency": 8,
      "wall_time_ms": 78158.95872749388,
      "model_id": "meta-llama/Llama-3.1-8B-Instruct",
      "model_short_name": "Llama-3.1-8B-Instruct"
    },
    {
      "num_requests": 200,
      "num_successful": 200,
      "num_failed": 0,
      "ttft_p50_ms": 45.32754421234131,
      "ttft_p95_ms": 48.74354600906372,
      "ttft_p99_ms": 54.68695402145386,
      "total_latency_p50_ms": 3051.4729022979736,
      "total_latency_p95_ms": 3058.6822748184204,
      "total_latency_p99_ms": 3060.047745704651,
      "tpot_p50_ms": 11.786744641322716,
      "tpot_p95_ms": 11.81972952450023,
      "tpot_p99_ms": 11.825970135483086,
      "throughput_tok_per_sec": 670.7079252220213,
      "gpu_utilization_mean": 99.89763779527559,
      "gpu_utilization_p50": 100.0,
      "concurrency": 8,
      "wall_time_ms": 76369.86967362463,
      "model_id": "meta-llama/Llama-3.1-8B-Instruct",
      "model_short_name": "Llama-3.1-8B-Instruct"
    }
  ]
}