{
  "num_requests": 200,
  "num_successful": 200,
  "num_failed": 0,
  "ttft_p50_ms": 485.41367053985596,
  "ttft_p95_ms": 5133.851158618927,
  "ttft_p99_ms": 5157.4416971206665,
  "total_latency_p50_ms": 5368.891596794128,
  "total_latency_p95_ms": 10001.866555213928,
  "total_latency_p99_ms": 10010.232269763947,
  "tpot_p50_ms": 19.055463753494564,
  "tpot_p95_ms": 19.158458990209244,
  "tpot_p99_ms": 19.172382055544386,
  "throughput_tok_per_sec": 4919.289249263326,
  "gpu_utilization_mean": 96.21782178217822,
  "gpu_utilization_p50": 100.0,
  "concurrency": 128,
  "wall_time_ms": 10426.638349890709,
  "model_id": "meta-llama/Llama-3.1-8B-Instruct",
  "model_short_name": "Llama-3.1-8B-Instruct"
}