{
  "num_requests": 200,
  "num_successful": 200.0,
  "num_failed": 0,
  "ttft_p50_ms": 22.261083126068115,
  "ttft_p95_ms": 30.43044805526733,
  "ttft_p99_ms": 32.56582140922502,
  "total_latency_p50_ms": 2957.1876525878906,
  "total_latency_p95_ms": 2970.47678232193,
  "total_latency_p99_ms": 2980.1987290382376,
  "tpot_p50_ms": 11.507740441490622,
  "tpot_p95_ms": 11.534556921790628,
  "tpot_p99_ms": 11.544618896409578,
  "throughput_tok_per_sec": 86.21147825896738,
  "gpu_utilization_mean": 99.32315770500568,
  "gpu_utilization_p50": 100.0,
  "concurrency": 1,
  "wall_time_ms": 596298.122189939,
  "model_id": "meta-llama/Llama-3.1-8B-Instruct",
  "model_short_name": "Llama-3.1-8B-Instruct",
  "repeats": 2,
  "throughput_tok_per_sec_mean": 86.21147825896738,
  "throughput_tok_per_sec_std": 0.3351753899141414,
  "ttft_p50_ms_mean": 22.261083126068115,
  "ttft_p50_ms_std": 1.7927289009094238,
  "ttft_p99_ms_mean": 32.56582140922502,
  "ttft_p99_ms_std": 2.7044141292567634,
  "tpot_p50_ms_mean": 11.507740441490622,
  "tpot_p50_ms_std": 0.0055633339227414424,
  "gpu_utilization_mean_mean": 99.32315770500568,
  "gpu_utilization_mean_std": 0.30093174103868847,
  "num_successful_mean": 200.0,
  "num_successful_std": 0.0,
  "runs": [
    {
      "num_requests": 200,
      "num_successful": 200,
      "num_failed": 0,
      "ttft_p50_ms": 24.05381202697754,
      "ttft_p95_ms": 30.43044805526733,
      "ttft_p99_ms": 35.270235538481785,
      "total_latency_p50_ms": 2957.1876525878906,
      "total_latency_p95_ms": 2970.47678232193,
      "total_latency_p99_ms": 2980.1987290382376,
      "tpot_p50_ms": 11.502177107567881,
      "tpot_p95_ms": 11.534556921790628,
      "tpot_p99_ms": 11.544618896409578,
      "throughput_tok_per_sec": 85.87630286905323,
      "gpu_utilization_mean": 99.022225963967,
      "gpu_utilization_p50": 100.0,
      "concurrency": 1,
      "wall_time_ms": 596298.122189939,
      "model_id": "meta-llama/Llama-3.1-8B-Instruct",
      "model_short_name": "Llama-3.1-8B-Instruct"
    },
    {
      "num_requests": 200,
      "num_successful": 200,
      "num_failed": 0,
      "ttft_p50_ms": 20.46835422515869,
      "ttft_p95_ms": 26.374208927154537,
      "ttft_p99_ms": 29.861407279968258,
      "total_latency_p50_ms": 2957.47447013855,
      "total_latency_p95_ms": 2965.452551841736,
      "total_latency_p99_ms": 2967.753322124481,
      "tpot_p50_ms": 11.513303775413364,
      "tpot_p95_ms": 11.542292108722762,
      "tpot_p99_ms": 11.546656122394637,
      "throughput_tok_per_sec": 86.54665364888152,
      "gpu_utilization_mean": 99.62408944604438,
      "gpu_utilization_p50": 100.0,
      "concurrency": 1,
      "wall_time_ms": 591639.5388767123,
      "model_id": "meta-llama/Llama-3.1-8B-Instruct",
      "model_short_name": "Llama-3.1-8B-Instruct"
    }
  ]
}