{
  "num_requests": 200,
  "num_successful": 200,
  "num_failed": 0,
  "ttft_p50_ms": 2598.1929302215576,
  "ttft_p95_ms": 5165.313220024109,
  "ttft_p99_ms": 5166.437158584595,
  "total_latency_p50_ms": 7414.522767066956,
  "total_latency_p95_ms": 9988.077139854431,
  "total_latency_p99_ms": 9990.444004535675,
  "tpot_p50_ms": 19.010927162918392,
  "tpot_p95_ms": 19.102147373498656,
  "tpot_p99_ms": 19.116039435068764,
  "throughput_tok_per_sec": 5120.352894550787,
  "gpu_utilization_mean": 98.92,
  "gpu_utilization_p50": 100.0,
  "concurrency": 256,
  "wall_time_ms": 10031.976271420717,
  "model_id": "meta-llama/Llama-3.1-8B-Instruct",
  "model_short_name": "Llama-3.1-8B-Instruct"
}