{
  "1": {
    "num_requests": 200,
    "num_successful": 200.0,
    "num_failed": 0,
    "ttft_p50_ms": 22.261083126068115,
    "ttft_p95_ms": 30.43044805526733,
    "ttft_p99_ms": 32.56582140922502,
    "total_latency_p50_ms": 2957.1876525878906,
    "total_latency_p95_ms": 2970.47678232193,
    "total_latency_p99_ms": 2980.1987290382376,
    "tpot_p50_ms": 11.507740441490622,
    "tpot_p95_ms": 11.534556921790628,
    "tpot_p99_ms": 11.544618896409578,
    "throughput_tok_per_sec": 86.21147825896738,
    "gpu_utilization_mean": 99.32315770500568,
    "gpu_utilization_p50": 100.0,
    "concurrency": 1,
    "wall_time_ms": 596298.122189939,
    "model_id": "meta-llama/Llama-3.1-8B-Instruct",
    "model_short_name": "Llama-3.1-8B-Instruct",
    "repeats": 2,
    "throughput_tok_per_sec_mean": 86.21147825896738,
    "throughput_tok_per_sec_std": 0.3351753899141414,
    "ttft_p50_ms_mean": 22.261083126068115,
    "ttft_p50_ms_std": 1.7927289009094238,
    "ttft_p99_ms_mean": 32.56582140922502,
    "ttft_p99_ms_std": 2.7044141292567634,
    "tpot_p50_ms_mean": 11.507740441490622,
    "tpot_p50_ms_std": 0.0055633339227414424,
    "gpu_utilization_mean_mean": 99.32315770500568,
    "gpu_utilization_mean_std": 0.30093174103868847,
    "num_successful_mean": 200.0,
    "num_successful_std": 0.0,
    "runs": [
      {
        "num_requests": 200,
        "num_successful": 200,
        "num_failed": 0,
        "ttft_p50_ms": 24.05381202697754,
        "ttft_p95_ms": 30.43044805526733,
        "ttft_p99_ms": 35.270235538481785,
        "total_latency_p50_ms": 2957.1876525878906,
        "total_latency_p95_ms": 2970.47678232193,
        "total_latency_p99_ms": 2980.1987290382376,
        "tpot_p50_ms": 11.502177107567881,
        "tpot_p95_ms": 11.534556921790628,
        "tpot_p99_ms": 11.544618896409578,
        "throughput_tok_per_sec": 85.87630286905323,
        "gpu_utilization_mean": 99.022225963967,
        "gpu_utilization_p50": 100.0,
        "concurrency": 1,
        "wall_time_ms": 596298.122189939,
        "model_id": "meta-llama/Llama-3.1-8B-Instruct",
        "model_short_name": "Llama-3.1-8B-Instruct"
      },
      {
        "num_requests": 200,
        "num_successful": 200,
        "num_failed": 0,
        "ttft_p50_ms": 20.46835422515869,
        "ttft_p95_ms": 26.374208927154537,
        "ttft_p99_ms": 29.861407279968258,
        "total_latency_p50_ms": 2957.47447013855,
        "total_latency_p95_ms": 2965.452551841736,
        "total_latency_p99_ms": 2967.753322124481,
        "tpot_p50_ms": 11.513303775413364,
        "tpot_p95_ms": 11.542292108722762,
        "tpot_p99_ms": 11.546656122394637,
        "throughput_tok_per_sec": 86.54665364888152,
        "gpu_utilization_mean": 99.62408944604438,
        "gpu_utilization_p50": 100.0,
        "concurrency": 1,
        "wall_time_ms": 591639.5388767123,
        "model_id": "meta-llama/Llama-3.1-8B-Instruct",
        "model_short_name": "Llama-3.1-8B-Instruct"
      }
    ]
  },
  "8": {
    "num_requests": 200,
    "num_successful": 200.0,
    "num_failed": 0,
    "ttft_p50_ms": 41.17029905319214,
    "ttft_p95_ms": 54.274344444274895,
    "ttft_p99_ms": 1044.3799257278442,
    "total_latency_p50_ms": 3042.922616004944,
    "total_latency_p95_ms": 3059.453058242798,
    "total_latency_p99_ms": 5039.641752243042,
    "tpot_p50_ms": 11.78583491082285,
    "tpot_p95_ms": 11.82245039472393,
    "tpot_p99_ms": 11.83383207621537,
    "throughput_tok_per_sec": 662.9607089733108,
    "gpu_utilization_mean": 98.64753684635573,
    "gpu_utilization_p50": 100.0,
    "concurrency": 8,
    "wall_time_ms": 78158.95872749388,
    "model_id": "meta-llama/Llama-3.1-8B-Instruct",
    "model_short_name": "Llama-3.1-8B-Instruct",
    "repeats": 2,
    "throughput_tok_per_sec_mean": 662.9607089733108,
    "throughput_tok_per_sec_std": 7.747216248710458,
    "ttft_p50_ms_mean": 41.17029905319214,
    "ttft_p50_ms_std": 4.15724515914917,
    "ttft_p99_ms_mean": 1044.3799257278442,
    "ttft_p99_ms_std": 989.6929717063904,
    "tpot_p50_ms_mean": 11.78583491082285,
    "tpot_p50_ms_std": 0.0009097304998668676,
    "gpu_utilization_mean_mean": 98.64753684635573,
    "gpu_utilization_mean_std": 1.2501009489198438,
    "num_successful_mean": 200.0,
    "num_successful_std": 0.0,
    "runs": [
      {
        "num_requests": 200,
        "num_successful": 200,
        "num_failed": 0,
        "ttft_p50_ms": 37.01305389404297,
        "ttft_p95_ms": 54.274344444274895,
        "ttft_p99_ms": 2034.0728974342346,
        "total_latency_p50_ms": 3042.922616004944,
        "total_latency_p95_ms": 3059.453058242798,
        "total_latency_p99_ms": 5039.641752243042,
        "tpot_p50_ms": 11.784925180322983,
        "tpot_p95_ms": 11.82245039472393,
        "tpot_p99_ms": 11.83383207621537,
        "throughput_tok_per_sec": 655.2134927246004,
        "gpu_utilization_mean": 97.3974358974359,
        "gpu_utilization_p50": 100.0,
        "concurrency": 8,
        "wall_time_ms": 78158.95872749388,
        "model_id": "meta-llama/Llama-3.1-8B-Instruct",
        "model_short_name": "Llama-3.1-8B-Instruct"
      },
      {
        "num_requests": 200,
        "num_successful": 200,
        "num_failed": 0,
        "ttft_p50_ms": 45.32754421234131,
        "ttft_p95_ms": 48.74354600906372,
        "ttft_p99_ms": 54.68695402145386,
        "total_latency_p50_ms": 3051.4729022979736,
        "total_latency_p95_ms": 3058.6822748184204,
        "total_latency_p99_ms": 3060.047745704651,
        "tpot_p50_ms": 11.786744641322716,
        "tpot_p95_ms": 11.81972952450023,
        "tpot_p99_ms": 11.825970135483086,
        "throughput_tok_per_sec": 670.7079252220213,
        "gpu_utilization_mean": 99.89763779527559,
        "gpu_utilization_p50": 100.0,
        "concurrency": 8,
        "wall_time_ms": 76369.86967362463,
        "model_id": "meta-llama/Llama-3.1-8B-Instruct",
        "model_short_name": "Llama-3.1-8B-Instruct"
      }
    ]
  },
  "32": {
    "num_requests": 200,
    "num_successful": 200.0,
    "num_failed": 0,
    "ttft_p50_ms": 67.8892731666565,
    "ttft_p95_ms": 2160.1417303085327,
    "ttft_p99_ms": 1131.7673242092133,
    "total_latency_p50_ms": 3560.086488723755,
    "total_latency_p95_ms": 5653.379702568054,
    "total_latency_p99_ms": 5658.135235309601,
    "tpot_p50_ms": 13.70606819788615,
    "tpot_p95_ms": 13.76604627160465,
    "tpot_p99_ms": 13.773940142463236,
    "throughput_tok_per_sec": 2013.8488241518312,
    "gpu_utilization_mean": 95.42294372294373,
    "gpu_utilization_p50": 100.0,
    "concurrency": 32,
    "wall_time_ms": 26477.459689602256,
    "model_id": "meta-llama/Llama-3.1-8B-Instruct",
    "model_short_name": "Llama-3.1-8B-Instruct",
    "repeats": 2,
    "throughput_tok_per_sec_mean": 2013.8488241518312,
    "throughput_tok_per_sec_std": 78.14748771095572,
    "ttft_p50_ms_mean": 67.8892731666565,
    "ttft_p50_ms_std": 1.37251615524292,
    "ttft_p99_ms_mean": 1131.7673242092133,
    "ttft_p99_ms_std": 1029.182289838791,
    "tpot_p50_ms_mean": 13.70606819788615,
    "tpot_p50_ms_std": 0.00028399860157701795,
    "gpu_utilization_mean_mean": 95.42294372294373,
    "gpu_utilization_mean_std": 4.1199134199134235,
    "num_successful_mean": 200.0,
    "num_successful_std": 0.0,
    "runs": [
      {
        "num_requests": 200,
        "num_successful": 200,
        "num_failed": 0,
        "ttft_p50_ms": 66.51675701141357,
        "ttft_p95_ms": 2160.1417303085327,
        "ttft_p99_ms": 2160.949614048004,
        "total_latency_p50_ms": 3560.086488723755,
        "total_latency_p95_ms": 5653.379702568054,
        "total_latency_p99_ms": 5658.135235309601,
        "tpot_p50_ms": 13.705784199284572,
        "tpot_p95_ms": 13.76604627160465,
        "tpot_p99_ms": 13.773940142463236,
        "throughput_tok_per_sec": 1935.7013364408756,
        "gpu_utilization_mean": 91.3030303030303,
        "gpu_utilization_p50": 100.0,
        "concurrency": 32,