{
  "num_requests": 200,
  "num_successful": 200.0,
  "num_failed": 0,
  "ttft_p50_ms": 110.30614376068115,
  "ttft_p95_ms": 149.42257404327393,
  "ttft_p99_ms": 194.6250855922699,
  "total_latency_p50_ms": 4756.7949295043945,
  "total_latency_p95_ms": 4807.633006572723,
  "total_latency_p99_ms": 4816.005787849426,
  "tpot_p50_ms": 18.233415893479886,
  "tpot_p95_ms": 18.351270451265226,
  "tpot_p99_ms": 18.38155638002882,
  "throughput_tok_per_sec": 2944.687932206135,
  "gpu_utilization_mean": 99.45903926649392,
  "gpu_utilization_p50": 100.0,
  "engine": "vllm",
  "concurrency": 64,
  "wall_time_ms": 17385.467471554875,
  "model_id": "meta-llama/Llama-3.1-8B-Instruct",
  "model_short_name": "Llama-3.1-8B-Instruct",
  "repeats": 2,
  "throughput_tok_per_sec_mean": 2944.687932206135,
  "throughput_tok_per_sec_std": 3.8124175181885676,
  "ttft_p50_ms_mean": 110.30614376068115,
  "ttft_p50_ms_std": 14.689326286315918,
  "ttft_p99_ms_mean": 194.6250855922699,
  "ttft_p99_ms_std": 34.288421869277954,
  "tpot_p50_ms_mean": 18.233415893479886,
  "tpot_p50_ms_std": 0.015581589119106454,
  "gpu_utilization_mean_mean": 99.45903926649392,
  "gpu_utilization_mean_std": 0.2866254733904725,
  "num_successful_mean": 200.0,
  "num_successful_std": 0.0,
  "runs": [
    {
      "num_requests": 200,
      "num_successful": 200,
      "num_failed": 0,
      "ttft_p50_ms": 95.61681747436523,
      "ttft_p95_ms": 149.42257404327393,
      "ttft_p99_ms": 160.33666372299194,
      "total_latency_p50_ms": 4756.7949295043945,
      "total_latency_p95_ms": 4807.633006572723,
      "total_latency_p99_ms": 4816.005787849426,
      "tpot_p50_ms": 18.248997482598995,
      "tpot_p95_ms": 18.351270451265226,
      "tpot_p99_ms": 18.38155638002882,
      "throughput_tok_per_sec": 2948.5003497243238,
      "gpu_utilization_mean": 99.74566473988439,
      "gpu_utilization_p50": 100.0,
      "engine": "vllm",
      "concurrency": 64,
      "wall_time_ms": 17385.467471554875,
      "model_id": "meta-llama/Llama-3.1-8B-Instruct",
      "model_short_name": "Llama-3.1-8B-Instruct"
    },
    {
      "num_requests": 200,
      "num_successful": 200,
      "num_failed": 0,
      "ttft_p50_ms": 124.99547004699707,
      "ttft_p95_ms": 227.04849243164062,
      "ttft_p99_ms": 228.91350746154785,
      "total_latency_p50_ms": 4773.75864982605,
      "total_latency_p95_ms": 4858.347809314728,
      "total_latency_p99_ms": 4867.417430877686,
      "tpot_p50_ms": 18.21783430436078,
      "tpot_p95_ms": 18.3524920426163,
      "tpot_p99_ms": 18.36510674158732,
      "throughput_tok_per_sec": 2940.8755146879466,
      "gpu_utilization_mean": 99.17241379310344,
      "gpu_utilization_p50": 100.0,
      "engine": "vllm",
      "concurrency": 64,
      "wall_time_ms": 17429.346112534404,
      "model_id": "meta-llama/Llama-3.1-8B-Instruct",
      "model_short_name": "Llama-3.1-8B-Instruct"
    }
  ]
}