{
  "num_requests": 200,
  "num_successful": 200.0,
  "num_failed": 0,
  "ttft_p50_ms": 44.4074273109436,
  "ttft_p95_ms": 52.60962247848511,
  "ttft_p99_ms": 54.29080009460449,
  "total_latency_p50_ms": 3114.9942874908447,
  "total_latency_p95_ms": 3121.9393372535706,
  "total_latency_p99_ms": 3124.453856945038,
  "tpot_p50_ms": 12.040367547203513,
  "tpot_p95_ms": 12.056555420744653,
  "tpot_p99_ms": 12.061728851467954,
  "throughput_tok_per_sec": 656.9395940845293,
  "gpu_utilization_mean": 99.92352185089975,
  "gpu_utilization_p50": 100.0,
  "engine": "vllm",
  "concurrency": 8,
  "wall_time_ms": 77969.98410113156,
  "model_id": "meta-llama/Llama-3.1-8B-Instruct",
  "model_short_name": "Llama-3.1-8B-Instruct",
  "repeats": 2,
  "throughput_tok_per_sec_mean": 656.9395940845293,
  "throughput_tok_per_sec_std": 0.13833946132439223,
  "ttft_p50_ms_mean": 44.4074273109436,
  "ttft_p50_ms_std": 0.557243824005127,
  "ttft_p99_ms_mean": 54.29080009460449,
  "ttft_p99_ms_std": 0.6936860084533691,
  "tpot_p50_ms_mean": 12.040367547203513,
  "tpot_p50_ms_std": 0.0003326172922166748,
  "gpu_utilization_mean_mean": 99.92352185089975,
  "gpu_utilization_mean_std": 0.021208226221077098,
  "num_successful_mean": 200.0,
  "num_successful_std": 0.0,
  "runs": [
    {
      "num_requests": 200,
      "num_successful": 200,
      "num_failed": 0,
      "ttft_p50_ms": 44.96467113494873,
      "ttft_p95_ms": 52.60962247848511,
      "ttft_p99_ms": 54.98448610305786,
      "total_latency_p50_ms": 3114.9942874908447,
      "total_latency_p95_ms": 3121.9393372535706,
      "total_latency_p99_ms": 3124.453856945038,
      "tpot_p50_ms": 12.040034929911297,
      "tpot_p95_ms": 12.056555420744653,
      "tpot_p99_ms": 12.061728851467954,
      "throughput_tok_per_sec": 656.801254623205,
      "gpu_utilization_mean": 99.94473007712082,
      "gpu_utilization_p50": 100.0,
      "engine": "vllm",
      "concurrency": 8,
      "wall_time_ms": 77969.98410113156,
      "model_id": "meta-llama/Llama-3.1-8B-Instruct",
      "model_short_name": "Llama-3.1-8B-Instruct"
    },
    {
      "num_requests": 200,
      "num_successful": 200,
      "num_failed": 0,
      "ttft_p50_ms": 43.85018348693848,
      "ttft_p95_ms": 46.83730602264404,
      "ttft_p99_ms": 53.59711408615112,
      "total_latency_p50_ms": 3114.0973567962646,
      "total_latency_p95_ms": 3120.1717138290405,
      "total_latency_p99_ms": 3125.0538969039917,
      "tpot_p50_ms": 12.04070016449573,
      "tpot_p95_ms": 12.055229158962474,
      "tpot_p99_ms": 12.060340282963772,
      "throughput_tok_per_sec": 657.0779335458537,
      "gpu_utilization_mean": 99.90231362467867,
      "gpu_utilization_p50": 100.0,
      "engine": "vllm",
      "concurrency": 8,
      "wall_time_ms": 77940.31392596662,
      "model_id": "meta-llama/Llama-3.1-8B-Instruct",
      "model_short_name": "Llama-3.1-8B-Instruct"
    }
  ]
}