{
  "num_requests": 200,
  "num_successful": 200,
  "num_failed": 0,
  "ttft_p50_ms": 95.61681747436523,
  "ttft_p95_ms": 149.42257404327393,
  "ttft_p99_ms": 160.33666372299194,
  "total_latency_p50_ms": 4756.7949295043945,
  "total_latency_p95_ms": 4807.633006572723,
  "total_latency_p99_ms": 4816.005787849426,
  "tpot_p50_ms": 18.248997482598995,
  "tpot_p95_ms": 18.351270451265226,
  "tpot_p99_ms": 18.38155638002882,
  "throughput_tok_per_sec": 2948.5003497243238,
  "gpu_utilization_mean": 99.74566473988439,
  "gpu_utilization_p50": 100.0,
  "engine": "vllm",
  "concurrency": 64,
  "wall_time_ms": 17385.467471554875,
  "model_id": "meta-llama/Llama-3.1-8B-Instruct",
  "model_short_name": "Llama-3.1-8B-Instruct"
}