{
  "num_requests": 200,
  "num_successful": 200,
  "num_failed": 0,
  "ttft_p50_ms": 124.99547004699707,
  "ttft_p95_ms": 227.04849243164062,
  "ttft_p99_ms": 228.91350746154785,
  "total_latency_p50_ms": 4773.75864982605,
  "total_latency_p95_ms": 4858.347809314728,
  "total_latency_p99_ms": 4867.417430877686,
  "tpot_p50_ms": 18.21783430436078,
  "tpot_p95_ms": 18.3524920426163,
  "tpot_p99_ms": 18.36510674158732,
  "throughput_tok_per_sec": 2940.8755146879466,
  "gpu_utilization_mean": 99.17241379310344,
  "gpu_utilization_p50": 100.0,
  "engine": "vllm",
  "concurrency": 64,
  "wall_time_ms": 17429.346112534404,
  "model_id": "meta-llama/Llama-3.1-8B-Instruct",
  "model_short_name": "Llama-3.1-8B-Instruct"
}