{
  "num_requests": 200,
  "num_successful": 200.0,
  "num_failed": 0,
  "ttft_p50_ms": 62.268853187561035,
  "ttft_p95_ms": 116.35197401046753,
  "ttft_p99_ms": 118.6629056930542,
  "total_latency_p50_ms": 3828.052878379822,
  "total_latency_p95_ms": 3897.219455242157,
  "total_latency_p99_ms": 3904.2878341674805,
  "tpot_p50_ms": 14.764056953729368,
  "tpot_p95_ms": 14.81651175255869,
  "tpot_p99_ms": 14.828126851250143,
  "throughput_tok_per_sec": 1961.3006888850286,
  "gpu_utilization_mean": 99.62381373415856,
  "gpu_utilization_p50": 100.0,
  "engine": "vllm",
  "concurrency": 32,
  "wall_time_ms": 26159.03179347515,
  "model_id": "meta-llama/Llama-3.1-8B-Instruct",
  "model_short_name": "Llama-3.1-8B-Instruct",
  "repeats": 2,
  "throughput_tok_per_sec_mean": 1961.3006888850286,
  "throughput_tok_per_sec_std": 2.6542744451151066,
  "ttft_p50_ms_mean": 62.268853187561035,
  "ttft_p50_ms_std": 0.7703304290771484,
  "ttft_p99_ms_mean": 118.6629056930542,
  "ttft_p99_ms_std": 8.134891986846924,
  "tpot_p50_ms_mean": 14.764056953729368,
  "tpot_p50_ms_std": 0.0010088378307866464,
  "gpu_utilization_mean_mean": 99.62381373415856,
  "gpu_utilization_mean_std": 0.006955496610672185,
  "num_successful_mean": 200.0,
  "num_successful_std": 0.0,
  "runs": [
    {
      "num_requests": 200,
      "num_successful": 200,
      "num_failed": 0,
      "ttft_p50_ms": 63.039183616638184,
      "ttft_p95_ms": 116.35197401046753,
      "ttft_p99_ms": 126.79779767990112,
      "total_latency_p50_ms": 3828.052878379822,
      "total_latency_p95_ms": 3897.219455242157,
      "total_latency_p99_ms": 3904.2878341674805,
      "tpot_p50_ms": 14.763048115898581,
      "tpot_p95_ms": 14.81651175255869,
      "tpot_p99_ms": 14.828126851250143,
      "throughput_tok_per_sec": 1958.6464144399135,
      "gpu_utilization_mean": 99.61685823754789,
      "gpu_utilization_p50": 100.0,
      "engine": "vllm",
      "concurrency": 32,
      "wall_time_ms": 26159.03179347515,
      "model_id": "meta-llama/Llama-3.1-8B-Instruct",
      "model_short_name": "Llama-3.1-8B-Instruct"
    },
    {
      "num_requests": 200,
      "num_successful": 200,
      "num_failed": 0,
      "ttft_p50_ms": 61.49852275848389,
      "ttft_p95_ms": 96.8006610870361,
      "ttft_p99_ms": 110.52801370620728,
      "total_latency_p50_ms": 3830.5848836898804,
      "total_latency_p95_ms": 3876.718592643738,
      "total_latency_p99_ms": 3885.7634043693542,
      "tpot_p50_ms": 14.765065791560154,
      "tpot_p95_ms": 14.890760300206203,
      "tpot_p99_ms": 14.928815093694949,
      "throughput_tok_per_sec": 1963.9549633301438,
      "gpu_utilization_mean": 99.63076923076923,
      "gpu_utilization_p50": 100.0,
      "engine": "vllm",
      "concurrency": 32,
      "wall_time_ms": 26088.775305077434,
      "model_id": "meta-llama/Llama-3.1-8B-Instruct",
      "model_short_name": "Llama-3.1-8B-Instruct"
    }
  ]
}