{
  "num_requests": 200,
  "num_successful": 200.0,
  "num_failed": 0,
  "ttft_p50_ms": 32.88644552230835,
  "ttft_p95_ms": 49.858224391937256,
  "ttft_p99_ms": 38.80120635032653,
  "total_latency_p50_ms": 3007.4622631073,
  "total_latency_p95_ms": 3011.6467356681824,
  "total_latency_p99_ms": 3013.4173369407654,
  "tpot_p50_ms": 11.61047851338106,
  "tpot_p95_ms": 11.628850020614324,
  "tpot_p99_ms": 11.63578110115201,
  "throughput_tok_per_sec": 85.45455392797231,
  "gpu_utilization_mean": 99.6094806882559,
  "gpu_utilization_p50": 100.0,
  "engine": "vllm",
  "concurrency": 1,
  "wall_time_ms": 601873.4680321068,
  "model_id": "meta-llama/Llama-3.1-8B-Instruct",
  "model_short_name": "Llama-3.1-8B-Instruct",
  "repeats": 2,
  "throughput_tok_per_sec_mean": 85.45455392797231,
  "throughput_tok_per_sec_std": 0.38331590537234916,
  "ttft_p50_ms_mean": 32.88644552230835,
  "ttft_p50_ms_std": 13.189971446990967,
  "ttft_p99_ms_mean": 38.80120635032653,
  "ttft_p99_ms_std": 14.448910951614385,
  "tpot_p50_ms_mean": 11.61047851338106,
  "tpot_p50_ms_std": 0.002453841415106517,
  "gpu_utilization_mean_mean": 99.6094806882559,
  "gpu_utilization_mean_std": 0.019912282990105723,
  "num_successful_mean": 200.0,
  "num_successful_std": 0.0,
  "runs": [
    {
      "num_requests": 200,
      "num_successful": 200,
      "num_failed": 0,
      "ttft_p50_ms": 46.076416969299316,
      "ttft_p95_ms": 49.858224391937256,
      "ttft_p99_ms": 53.25011730194092,
      "total_latency_p50_ms": 3007.4622631073,
      "total_latency_p95_ms": 3011.6467356681824,
      "total_latency_p99_ms": 3013.4173369407654,
      "tpot_p50_ms": 11.612932354796166,
      "tpot_p95_ms": 11.628850020614324,
      "tpot_p99_ms": 11.63578110115201,
      "throughput_tok_per_sec": 85.07123802259996,
      "gpu_utilization_mean": 99.5895684052658,
      "gpu_utilization_p50": 100.0,
      "engine": "vllm",
      "concurrency": 1,
      "wall_time_ms": 601873.4680321068,
      "model_id": "meta-llama/Llama-3.1-8B-Instruct",
      "model_short_name": "Llama-3.1-8B-Instruct"
    },
    {
      "num_requests": 200,
      "num_successful": 200,
      "num_failed": 0,
      "ttft_p50_ms": 19.696474075317383,
      "ttft_p95_ms": 23.376357555389404,
      "ttft_p99_ms": 24.352295398712148,
      "total_latency_p50_ms": 2980.3510904312134,
      "total_latency_p95_ms": 2983.7671637535095,
      "total_latency_p99_ms": 2985.9854102134705,
      "tpot_p50_ms": 11.608024671965953,
      "tpot_p95_ms": 11.622708638509115,
      "tpot_p99_ms": 11.633551429299747,
      "throughput_tok_per_sec": 85.83786983334466,
      "gpu_utilization_mean": 99.629392971246,
      "gpu_utilization_p50": 100.0,
      "engine": "vllm",
      "concurrency": 1,
      "wall_time_ms": 596513.3772026747,
      "model_id": "meta-llama/Llama-3.1-8B-Instruct",
      "model_short_name": "Llama-3.1-8B-Instruct"
    }
  ]
}