{
  "num_requests": 200,
  "num_successful": 200,
  "num_failed": 0,
  "ttft_p50_ms": 61.49852275848389,
  "ttft_p95_ms": 96.8006610870361,
  "ttft_p99_ms": 110.52801370620728,
  "total_latency_p50_ms": 3830.5848836898804,
  "total_latency_p95_ms": 3876.718592643738,
  "total_latency_p99_ms": 3885.7634043693542,
  "tpot_p50_ms": 14.765065791560154,
  "tpot_p95_ms": 14.890760300206203,
  "tpot_p99_ms": 14.928815093694949,
  "throughput_tok_per_sec": 1963.9549633301438,
  "gpu_utilization_mean": 99.63076923076923,
  "gpu_utilization_p50": 100.0,
  "engine": "vllm",
  "concurrency": 32,
  "wall_time_ms": 26088.775305077434,
  "model_id": "meta-llama/Llama-3.1-8B-Instruct",
  "model_short_name": "Llama-3.1-8B-Instruct"
}