{
  "num_requests": 200,
  "num_successful": 200,
  "num_failed": 0,
  "ttft_p50_ms": 216.74394607543945,
  "ttft_p95_ms": 5721.266758441925,
  "ttft_p99_ms": 5731.124787330627,
  "total_latency_p50_ms": 5644.447088241577,
  "total_latency_p95_ms": 11148.154187202454,
  "total_latency_p99_ms": 11161.875660419464,
  "tpot_p50_ms": 21.275581098070333,
  "tpot_p95_ms": 21.359188696917368,
  "tpot_p99_ms": 21.405630943821926,
  "throughput_tok_per_sec": 4522.3444433283275,
  "gpu_utilization_mean": 98.90265486725664,
  "gpu_utilization_p50": 100.0,
  "engine": "vllm",
  "concurrency": 128,
  "wall_time_ms": 11336.763594299555,
  "model_id": "meta-llama/Llama-3.1-8B-Instruct",
  "model_short_name": "Llama-3.1-8B-Instruct"
}