{
  "num_requests": 200,
  "num_successful": 200,
  "num_failed": 0,
  "ttft_p50_ms": 255.95641136169434,
  "ttft_p95_ms": 5748.708605766296,
  "ttft_p99_ms": 5749.440722465515,
  "total_latency_p50_ms": 5690.759301185608,
  "total_latency_p95_ms": 11159.075367450714,
  "total_latency_p99_ms": 11169.294316768646,
  "tpot_p50_ms": 21.26908910040762,
  "tpot_p95_ms": 21.40244292277916,
  "tpot_p99_ms": 21.42018720215442,
  "throughput_tok_per_sec": 4514.444320017446,
  "gpu_utilization_mean": 99.07964601769912,
  "gpu_utilization_p50": 100.0,
  "engine": "vllm",
  "concurrency": 128,
  "wall_time_ms": 11354.38235849142,
  "model_id": "meta-llama/Llama-3.1-8B-Instruct",
  "model_short_name": "Llama-3.1-8B-Instruct"
}