{
  "num_requests": 200,
  "num_successful": 200.0,
  "num_failed": 0,
  "ttft_p50_ms": 3041.9435501098633,
  "ttft_p95_ms": 5998.187339305878,
  "ttft_p99_ms": 5919.729926586151,
  "total_latency_p50_ms": 8548.69031906128,
  "total_latency_p95_ms": 11447.364044189453,
  "total_latency_p99_ms": 11452.658944129944,
  "tpot_p50_ms": 21.308445462993546,
  "tpot_p95_ms": 21.433365391749962,
  "tpot_p99_ms": 21.465949871960806,
  "throughput_tok_per_sec": 4506.018766313602,
  "gpu_utilization_mean": 97.46017699115045,
  "gpu_utilization_p50": 100.0,
  "engine": "vllm",
  "concurrency": 256,
  "wall_time_ms": 11474.143555387855,
  "model_id": "meta-llama/Llama-3.1-8B-Instruct",
  "model_short_name": "Llama-3.1-8B-Instruct",
  "repeats": 2,
  "throughput_tok_per_sec_mean": 4506.018766313602,
  "throughput_tok_per_sec_std": 39.031080087940154,
  "ttft_p50_ms_mean": 3041.9435501098633,
  "ttft_p50_ms_std": 85.47031879425049,
  "ttft_p99_ms_mean": 5919.729926586151,
  "ttft_p99_ms_std": 80.60962677001953,
  "tpot_p50_ms_mean": 21.308445462993546,
  "tpot_p50_ms_std": 0.034740391899557466,
  "gpu_utilization_mean_mean": 97.46017699115045,
  "gpu_utilization_mean_std": 1.0,
  "num_successful_mean": 200.0,
  "num_successful_std": 0.0,
  "runs": [
    {
      "num_requests": 200,
      "num_successful": 200,
      "num_failed": 0,
      "ttft_p50_ms": 3127.4138689041138,
      "ttft_p95_ms": 5998.187339305878,
      "ttft_p99_ms": 6000.339553356171,
      "total_latency_p50_ms": 8548.69031906128,
      "total_latency_p95_ms": 11447.364044189453,
      "total_latency_p99_ms": 11452.658944129944,
      "tpot_p50_ms": 21.343185854893104,
      "tpot_p95_ms": 21.433365391749962,
      "tpot_p99_ms": 21.465949871960806,
      "throughput_tok_per_sec": 4466.987686225662,
      "gpu_utilization_mean": 96.46017699115045,
      "gpu_utilization_p50": 100.0,
      "engine": "vllm",
      "concurrency": 256,
      "wall_time_ms": 11474.143555387855,
      "model_id": "meta-llama/Llama-3.1-8B-Instruct",
      "model_short_name": "Llama-3.1-8B-Instruct"
    },
    {
      "num_requests": 200,
      "num_successful": 200,
      "num_failed": 0,
      "ttft_p50_ms": 2956.473231315613,
      "ttft_p95_ms": 5837.7487778663635,
      "ttft_p99_ms": 5839.120299816132,
      "total_latency_p50_ms": 8385.611891746521,
      "total_latency_p95_ms": 11251.51002407074,
      "total_latency_p99_ms": 11255.97954750061,
      "tpot_p50_ms": 21.27370507109399,
      "tpot_p95_ms": 21.40752441742841,
      "tpot_p99_ms": 21.427225739348167,
      "throughput_tok_per_sec": 4545.049846401543,
      "gpu_utilization_mean": 98.46017699115045,
      "gpu_utilization_p50": 100.0,
      "engine": "vllm",
      "concurrency": 256,
      "wall_time_ms": 11276.55565366149,
      "model_id": "meta-llama/Llama-3.1-8B-Instruct",
      "model_short_name": "Llama-3.1-8B-Instruct"
    }
  ]
}