{
  "num_requests": 200,
  "num_successful": 200.0,
  "num_failed": 0,
  "ttft_p50_ms": 236.3501787185669,
  "ttft_p95_ms": 5748.708605766296,
  "ttft_p99_ms": 5740.282754898071,
  "total_latency_p50_ms": 5690.759301185608,
  "total_latency_p95_ms": 11159.075367450714,
  "total_latency_p99_ms": 11169.294316768646,
  "tpot_p50_ms": 21.272335099238976,
  "tpot_p95_ms": 21.40244292277916,
  "tpot_p99_ms": 21.42018720215442,
  "throughput_tok_per_sec": 4518.394381672887,
  "gpu_utilization_mean": 98.99115044247787,
  "gpu_utilization_p50": 100.0,
  "engine": "vllm",
  "concurrency": 128,
  "wall_time_ms": 11354.38235849142,
  "model_id": "meta-llama/Llama-3.1-8B-Instruct",
  "model_short_name": "Llama-3.1-8B-Instruct",
  "repeats": 2,
  "throughput_tok_per_sec_mean": 4518.394381672887,
  "throughput_tok_per_sec_std": 3.9500616554405497,
  "ttft_p50_ms_mean": 236.3501787185669,
  "ttft_p50_ms_std": 19.60623264312744,
  "ttft_p99_ms_mean": 5740.282754898071,
  "ttft_p99_ms_std": 9.157967567443848,
  "tpot_p50_ms_mean": 21.272335099238976,
  "tpot_p50_ms_std": 0.0032459988313569,
  "gpu_utilization_mean_mean": 98.99115044247787,
  "gpu_utilization_mean_std": 0.08849557522123774,
  "num_successful_mean": 200.0,
  "num_successful_std": 0.0,
  "runs": [
    {
      "num_requests": 200,
      "num_successful": 200,
      "num_failed": 0,
      "ttft_p50_ms": 255.95641136169434,
      "ttft_p95_ms": 5748.708605766296,
      "ttft_p99_ms": 5749.440722465515,
      "total_latency_p50_ms": 5690.759301185608,
      "total_latency_p95_ms": 11159.075367450714,
      "total_latency_p99_ms": 11169.294316768646,
      "tpot_p50_ms": 21.26908910040762,
      "tpot_p95_ms": 21.40244292277916,
      "tpot_p99_ms": 21.42018720215442,
      "throughput_tok_per_sec": 4514.444320017446,
      "gpu_utilization_mean": 99.07964601769912,
      "gpu_utilization_p50": 100.0,
      "engine": "vllm",
      "concurrency": 128,
      "wall_time_ms": 11354.38235849142,
      "model_id": "meta-llama/Llama-3.1-8B-Instruct",
      "model_short_name": "Llama-3.1-8B-Instruct"
    },
    {
      "num_requests": 200,
      "num_successful": 200,
      "num_failed": 0,
      "ttft_p50_ms": 216.74394607543945,
      "ttft_p95_ms": 5721.266758441925,
      "ttft_p99_ms": 5731.124787330627,
      "total_latency_p50_ms": 5644.447088241577,
      "total_latency_p95_ms": 11148.154187202454,
      "total_latency_p99_ms": 11161.875660419464,
      "tpot_p50_ms": 21.275581098070333,
      "tpot_p95_ms": 21.359188696917368,
      "tpot_p99_ms": 21.405630943821926,
      "throughput_tok_per_sec": 4522.3444433283275,
      "gpu_utilization_mean": 98.90265486725664,
      "gpu_utilization_p50": 100.0,
      "engine": "vllm",
      "concurrency": 128,
      "wall_time_ms": 11336.763594299555,
      "model_id": "meta-llama/Llama-3.1-8B-Instruct",
      "model_short_name": "Llama-3.1-8B-Instruct"
    }
  ]
}