{
  "num_requests": 200,
  "num_successful": 161,
  "num_failed": 39,
  "ttft_p50_ms": 590.4436111450195,
  "ttft_p95_ms": 1491.4164543151855,
  "ttft_p99_ms": 2303.3764839172363,
  "total_latency_p50_ms": 8908.867359161377,
  "total_latency_p95_ms": 10464.05839920044,
  "total_latency_p99_ms": 11295.529937744142,
  "tpot_p50_ms": 16.137899951225624,
  "tpot_p95_ms": 18.01292723638904,
  "tpot_p99_ms": 19.053030107352598,
  "throughput_tok_per_sec": 447.4655742605841,
  "gpu_utilization_mean": 99.94929116684843,
  "gpu_utilization_p50": 100.0,
  "engine": "vllm",
  "concurrency": 8,
  "wall_time_ms": 183782.20768086612,
  "model_id": "meta-llama/Llama-3.1-8B-Instruct",
  "model_short_name": "Llama-3.1-8B-Instruct"
}