{
  "num_requests": 200,
  "num_successful": 162,
  "num_failed": 38,
  "ttft_p50_ms": 893.7512636184692,
  "ttft_p95_ms": 6578.951787948605,
  "ttft_p99_ms": 7747.73163318634,
  "total_latency_p50_ms": 18942.975282669067,
  "total_latency_p95_ms": 24243.25933456421,
  "total_latency_p99_ms": 25493.65977525711,
  "tpot_p50_ms": 35.28344071307994,
  "tpot_p95_ms": 38.536981127266785,
  "tpot_p99_ms": 38.713288829751214,
  "throughput_tok_per_sec": 823.4677684511074,
  "gpu_utilization_mean": 99.726,
  "gpu_utilization_p50": 100.0,
  "engine": "vllm",
  "concurrency": 32,
  "wall_time_ms": 100166.70526191592,
  "model_id": "meta-llama/Llama-3.1-8B-Instruct",
  "model_short_name": "Llama-3.1-8B-Instruct"
}