{
  "num_requests": 200,
  "num_successful": 163,
  "num_failed": 37,
  "ttft_p50_ms": 14201.769590377808,
  "ttft_p95_ms": 55743.77882480621,
  "ttft_p99_ms": 57410.14325618744,
  "total_latency_p50_ms": 56406.31341934204,
  "total_latency_p95_ms": 73236.42268180847,
  "total_latency_p99_ms": 73335.81370830536,
  "tpot_p50_ms": 79.14798507018565,
  "tpot_p95_ms": 82.70331553517022,
  "tpot_p99_ms": 83.12688245852435,
  "throughput_tok_per_sec": 1129.1824425340642,
  "gpu_utilization_mean": 99.30410958904109,
  "gpu_utilization_p50": 100.0,
  "engine": "vllm",
  "concurrency": 256,
  "wall_time_ms": 73411.44254803658,
  "model_id": "meta-llama/Llama-3.1-8B-Instruct",
  "model_short_name": "Llama-3.1-8B-Instruct"
}