{
  "num_requests": 200,
  "num_successful": 163.5,
  "num_failed": 37,
  "ttft_p50_ms": 13244.545102119446,
  "ttft_p95_ms": 55743.77882480621,
  "ttft_p99_ms": 56207.42619872093,
  "total_latency_p50_ms": 56406.31341934204,
  "total_latency_p95_ms": 73236.42268180847,
  "total_latency_p99_ms": 73335.81370830536,
  "tpot_p50_ms": 77.1861957010691,
  "tpot_p95_ms": 82.70331553517022,
  "tpot_p99_ms": 83.12688245852435,
  "throughput_tok_per_sec": 1151.2282568496375,
  "gpu_utilization_mean": 99.53391133460494,
  "gpu_utilization_p50": 100.0,
  "engine": "vllm",
  "concurrency": 256,
  "wall_time_ms": 73411.44254803658,
  "model_id": "meta-llama/Llama-3.1-8B-Instruct",
  "model_short_name": "Llama-3.1-8B-Instruct",
  "repeats": 2,
  "throughput_tok_per_sec_mean": 1151.2282568496375,
  "throughput_tok_per_sec_std": 22.045814315573466,
  "ttft_p50_ms_mean": 13244.545102119446,
  "ttft_p50_ms_std": 957.2244882583618,
  "ttft_p99_ms_mean": 56207.42619872093,
  "ttft_p99_ms_std": 1202.717057466507,
  "tpot_p50_ms_mean": 77.1861957010691,
  "tpot_p50_ms_std": 1.961789369116559,
  "gpu_utilization_mean_mean": 99.53391133460494,
  "gpu_utilization_mean_std": 0.22980174556384014,
  "num_successful_mean": 163.5,
  "num_successful_std": 0.5,
  "runs": [
    {
      "num_requests": 200,
      "num_successful": 163,
      "num_failed": 37,
      "ttft_p50_ms": 14201.769590377808,
      "ttft_p95_ms": 55743.77882480621,
      "ttft_p99_ms": 57410.14325618744,
      "total_latency_p50_ms": 56406.31341934204,
      "total_latency_p95_ms": 73236.42268180847,
      "total_latency_p99_ms": 73335.81370830536,
      "tpot_p50_ms": 79.14798507018565,
      "tpot_p95_ms": 82.70331553517022,
      "tpot_p99_ms": 83.12688245852435,
      "throughput_tok_per_sec": 1129.1824425340642,
      "gpu_utilization_mean": 99.30410958904109,
      "gpu_utilization_p50": 100.0,
      "engine": "vllm",
      "concurrency": 256,
      "wall_time_ms": 73411.44254803658,
      "model_id": "meta-llama/Llama-3.1-8B-Instruct",
      "model_short_name": "Llama-3.1-8B-Instruct"
    },
    {
      "num_requests": 200,
      "num_successful": 164,
      "num_failed": 36,
      "ttft_p50_ms": 12287.320613861084,
      "ttft_p95_ms": 53427.5270819664,
      "ttft_p99_ms": 55004.709141254425,
      "total_latency_p50_ms": 51099.709033966064,
      "total_latency_p95_ms": 71109.21157598495,
      "total_latency_p99_ms": 71213.43454837799,
      "tpot_p50_ms": 75.22440633195254,
      "tpot_p95_ms": 76.46712825256317,
      "tpot_p99_ms": 76.49654161206897,
      "throughput_tok_per_sec": 1173.2740711652111,
      "gpu_utilization_mean": 99.76371308016877,
      "gpu_utilization_p50": 100.0,
      "engine": "vllm",
      "concurrency": 256,
      "wall_time_ms": 71284.39964726567,
      "model_id": "meta-llama/Llama-3.1-8B-Instruct",
      "model_short_name": "Llama-3.1-8B-Instruct"
    }
  ]
}