{
  "num_requests": 200,
  "num_successful": 172.5,
  "num_failed": 27,
  "ttft_p50_ms": 255.8213472366333,
  "ttft_p95_ms": 536.4500045776367,
  "ttft_p99_ms": 542.5127875804901,
  "total_latency_p50_ms": 6320.706367492676,
  "total_latency_p95_ms": 6747.829437255859,
  "total_latency_p99_ms": 6751.640090942383,
  "tpot_p50_ms": 11.864620528809011,
  "tpot_p95_ms": 12.160247366022459,
  "tpot_p99_ms": 12.175449457187243,
  "throughput_tok_per_sec": 81.31080546896825,
  "gpu_utilization_mean": 99.31298387096774,
  "gpu_utilization_p50": 100.0,
  "engine": "vllm",
  "concurrency": 1,
  "wall_time_ms": 1087466.2874434143,
  "model_id": "meta-llama/Llama-3.1-8B-Instruct",
  "model_short_name": "Llama-3.1-8B-Instruct",
  "repeats": 2,
  "throughput_tok_per_sec_mean": 81.31080546896825,
  "throughput_tok_per_sec_std": 0.00759247190736545,
  "ttft_p50_ms_mean": 255.8213472366333,
  "ttft_p50_ms_std": 1.212477684020996,
  "ttft_p99_ms_mean": 542.5127875804901,
  "ttft_p99_ms_std": 0.9942710399627686,
  "tpot_p50_ms_mean": 11.864620528809011,
  "tpot_p50_ms_std": 0.0005266437791799916,
  "gpu_utilization_mean_mean": 99.31298387096774,
  "gpu_utilization_mean_std": 0.03798387096773581,
  "num_successful_mean": 172.5,
  "num_successful_std": 0.5,
  "runs": [
    {
      "num_requests": 200,
      "num_successful": 173,
      "num_failed": 27,
      "ttft_p50_ms": 254.6088695526123,
      "ttft_p95_ms": 536.4500045776367,
      "ttft_p99_ms": 541.5185165405273,
      "total_latency_p50_ms": 6320.706367492676,
      "total_latency_p95_ms": 6747.829437255859,
      "total_latency_p99_ms": 6751.640090942383,
      "tpot_p50_ms": 11.864093885029831,
      "tpot_p95_ms": 12.160247366022459,
      "tpot_p99_ms": 12.175449457187243,
      "throughput_tok_per_sec": 81.3032129970609,
      "gpu_utilization_mean": 99.35096774193548,
      "gpu_utilization_p50": 100.0,
      "engine": "vllm",
      "concurrency": 1,
      "wall_time_ms": 1087466.2874434143,
      "model_id": "meta-llama/Llama-3.1-8B-Instruct",
      "model_short_name": "Llama-3.1-8B-Instruct"
    },
    {
      "num_requests": 200,
      "num_successful": 172,
      "num_failed": 28,
      "ttft_p50_ms": 257.0338249206543,
      "ttft_p95_ms": 539.6144151687622,
      "ttft_p99_ms": 543.5070586204529,
      "total_latency_p50_ms": 6321.354269981384,
      "total_latency_p95_ms": 6750.317299365997,
      "total_latency_p99_ms": 6754.017097949982,
      "tpot_p50_ms": 11.865147172588191,
      "tpot_p95_ms": 12.158612962338323,
      "tpot_p99_ms": 12.16631467561666,
      "throughput_tok_per_sec": 81.31839794087563,
      "gpu_utilization_mean": 99.275,
      "gpu_utilization_p50": 100.0,
      "engine": "vllm",
      "concurrency": 1,
      "wall_time_ms": 1078451.0480556637,
      "model_id": "meta-llama/Llama-3.1-8B-Instruct",
      "model_short_name": "Llama-3.1-8B-Instruct"
    }
  ]
}