{
  "num_requests": 200,
  "num_successful": 164,
  "num_failed": 36,
  "ttft_p50_ms": 12287.320613861084,
  "ttft_p95_ms": 53427.5270819664,
  "ttft_p99_ms": 55004.709141254425,
  "total_latency_p50_ms": 51099.709033966064,
  "total_latency_p95_ms": 71109.21157598495,
  "total_latency_p99_ms": 71213.43454837799,
  "tpot_p50_ms": 75.22440633195254,
  "tpot_p95_ms": 76.46712825256317,
  "tpot_p99_ms": 76.49654161206897,
  "throughput_tok_per_sec": 1173.2740711652111,
  "gpu_utilization_mean": 99.76371308016877,
  "gpu_utilization_p50": 100.0,
  "engine": "vllm",
  "concurrency": 256,
  "wall_time_ms": 71284.39964726567,
  "model_id": "meta-llama/Llama-3.1-8B-Instruct",
  "model_short_name": "Llama-3.1-8B-Instruct"
}