{
  "num_requests": 200,
  "num_successful": 172,
  "num_failed": 28,
  "ttft_p50_ms": 257.0338249206543,
  "ttft_p95_ms": 539.6144151687622,
  "ttft_p99_ms": 543.5070586204529,
  "total_latency_p50_ms": 6321.354269981384,
  "total_latency_p95_ms": 6750.317299365997,
  "total_latency_p99_ms": 6754.017097949982,
  "tpot_p50_ms": 11.865147172588191,
  "tpot_p95_ms": 12.158612962338323,
  "tpot_p99_ms": 12.16631467561666,
  "throughput_tok_per_sec": 81.31839794087563,
  "gpu_utilization_mean": 99.275,
  "gpu_utilization_p50": 100.0,
  "engine": "vllm",
  "concurrency": 1,
  "wall_time_ms": 1078451.0480556637,
  "model_id": "meta-llama/Llama-3.1-8B-Instruct",
  "model_short_name": "Llama-3.1-8B-Instruct"
}