{
  "num_requests": 200,
  "num_successful": 173,
  "num_failed": 27,
  "ttft_p50_ms": 254.6088695526123,
  "ttft_p95_ms": 536.4500045776367,
  "ttft_p99_ms": 541.5185165405273,
  "total_latency_p50_ms": 6320.706367492676,
  "total_latency_p95_ms": 6747.829437255859,
  "total_latency_p99_ms": 6751.640090942383,
  "tpot_p50_ms": 11.864093885029831,
  "tpot_p95_ms": 12.160247366022459,
  "tpot_p99_ms": 12.175449457187243,
  "throughput_tok_per_sec": 81.3032129970609,
  "gpu_utilization_mean": 99.35096774193548,
  "gpu_utilization_p50": 100.0,
  "engine": "vllm",
  "concurrency": 1,
  "wall_time_ms": 1087466.2874434143,
  "model_id": "meta-llama/Llama-3.1-8B-Instruct",
  "model_short_name": "Llama-3.1-8B-Instruct"
}