{
  "num_requests": 200,
  "num_successful": 164.5,
  "num_failed": 33,
  "ttft_p50_ms": 1014.9275660514832,
  "ttft_p95_ms": 6295.1247453689575,
  "ttft_p99_ms": 7592.366244792938,
  "total_latency_p50_ms": 18928.478717803955,
  "total_latency_p95_ms": 23590.1780128479,
  "total_latency_p99_ms": 24746.083545684814,
  "tpot_p50_ms": 34.63777042415044,
  "tpot_p95_ms": 37.348248300720336,
  "tpot_p99_ms": 38.76072231337516,
  "throughput_tok_per_sec": 830.5914379670703,
  "gpu_utilization_mean": 99.81857749259625,
  "gpu_utilization_p50": 100.0,
  "engine": "vllm",
  "concurrency": 32,
  "wall_time_ms": 101507.57284089923,
  "model_id": "meta-llama/Llama-3.1-8B-Instruct",
  "model_short_name": "Llama-3.1-8B-Instruct",
  "repeats": 2,
  "throughput_tok_per_sec_mean": 830.5914379670703,
  "throughput_tok_per_sec_std": 7.123669515962888,
  "ttft_p50_ms_mean": 1014.9275660514832,
  "ttft_p50_ms_std": 121.17630243301392,
  "ttft_p99_ms_mean": 7592.366244792938,
  "ttft_p99_ms_std": 155.36538839340164,
  "tpot_p50_ms_mean": 34.63777042415044,
  "tpot_p50_ms_std": 0.6456702889295016,
  "gpu_utilization_mean_mean": 99.81857749259625,
  "gpu_utilization_mean_std": 0.09257749259624859,
  "num_successful_mean": 164.5,
  "num_successful_std": 2.5,
  "runs": [
    {
      "num_requests": 200,
      "num_successful": 167,
      "num_failed": 33,
      "ttft_p50_ms": 1136.103868484497,
      "ttft_p95_ms": 6295.1247453689575,
      "ttft_p99_ms": 7437.000856399537,
      "total_latency_p50_ms": 18928.478717803955,
      "total_latency_p95_ms": 23590.1780128479,
      "total_latency_p99_ms": 24746.083545684814,
      "tpot_p50_ms": 33.99210013522094,
      "tpot_p95_ms": 37.348248300720336,
      "tpot_p99_ms": 38.76072231337516,
      "throughput_tok_per_sec": 837.7151074830332,
      "gpu_utilization_mean": 99.9111549851925,
      "gpu_utilization_p50": 100.0,
      "engine": "vllm",
      "concurrency": 32,
      "wall_time_ms": 101507.57284089923,
      "model_id": "meta-llama/Llama-3.1-8B-Instruct",
      "model_short_name": "Llama-3.1-8B-Instruct"
    },
    {
      "num_requests": 200,
      "num_successful": 162,
      "num_failed": 38,
      "ttft_p50_ms": 893.7512636184692,
      "ttft_p95_ms": 6578.951787948605,
      "ttft_p99_ms": 7747.73163318634,
      "total_latency_p50_ms": 18942.975282669067,
      "total_latency_p95_ms": 24243.25933456421,
      "total_latency_p99_ms": 25493.65977525711,
      "tpot_p50_ms": 35.28344071307994,
      "tpot_p95_ms": 38.536981127266785,
      "tpot_p99_ms": 38.713288829751214,
      "throughput_tok_per_sec": 823.4677684511074,
      "gpu_utilization_mean": 99.726,
      "gpu_utilization_p50": 100.0,
      "engine": "vllm",
      "concurrency": 32,
      "wall_time_ms": 100166.70526191592,
      "model_id": "meta-llama/Llama-3.1-8B-Instruct",
      "model_short_name": "Llama-3.1-8B-Instruct"
    }
  ]
}