{
  "num_requests": 200,
  "num_successful": 163.0,
  "num_failed": 34,
  "ttft_p50_ms": 9859.46524143219,
  "ttft_p95_ms": 47699.237644672394,
  "ttft_p99_ms": 49723.16894054413,
  "total_latency_p50_ms": 48093.942165374756,
  "total_latency_p95_ms": 75631.5050125122,
  "total_latency_p99_ms": 75758.17586183548,
  "tpot_p50_ms": 81.66692693172836,
  "tpot_p95_ms": 85.8928560044201,
  "tpot_p99_ms": 86.08484417491697,
  "throughput_tok_per_sec": 1086.7974748570405,
  "gpu_utilization_mean": 99.78600288600288,
  "gpu_utilization_p50": 100.0,
  "engine": "vllm",
  "concurrency": 128,
  "wall_time_ms": 77169.34826597571,
  "model_id": "meta-llama/Llama-3.1-8B-Instruct",
  "model_short_name": "Llama-3.1-8B-Instruct",
  "repeats": 2,
  "throughput_tok_per_sec_mean": 1086.7974748570405,
  "throughput_tok_per_sec_std": 12.901790566930117,
  "ttft_p50_ms_mean": 9859.46524143219,
  "ttft_p50_ms_std": 495.34595012664795,
  "ttft_p99_ms_mean": 49723.16894054413,
  "ttft_p99_ms_std": 318.3432650566101,
  "tpot_p50_ms_mean": 81.66692693172836,
  "tpot_p50_ms_std": 1.8589122188067932,
  "gpu_utilization_mean_mean": 99.78600288600288,
  "gpu_utilization_mean_std": 0.03997113997113644,
  "num_successful_mean": 163.0,
  "num_successful_std": 3.0,
  "runs": [
    {
      "num_requests": 200,
      "num_successful": 166,
      "num_failed": 34,
      "ttft_p50_ms": 10354.811191558838,
      "ttft_p95_ms": 47699.237644672394,
      "ttft_p99_ms": 49404.82567548752,
      "total_latency_p50_ms": 48093.942165374756,
      "total_latency_p95_ms": 75631.5050125122,
      "total_latency_p99_ms": 75758.17586183548,
      "tpot_p50_ms": 79.80801471292156,
      "tpot_p95_ms": 85.8928560044201,
      "tpot_p99_ms": 86.08484417491697,
      "throughput_tok_per_sec": 1099.6992654239707,
      "gpu_utilization_mean": 99.82597402597402,
      "gpu_utilization_p50": 100.0,
      "engine": "vllm",
      "concurrency": 128,
      "wall_time_ms": 77169.34826597571,
      "model_id": "meta-llama/Llama-3.1-8B-Instruct",
      "model_short_name": "Llama-3.1-8B-Instruct"
    },
    {
      "num_requests": 200,
      "num_successful": 160,
      "num_failed": 40,
      "ttft_p50_ms": 9364.119291305542,
      "ttft_p95_ms": 48056.500267982476,
      "ttft_p99_ms": 50041.51220560074,
      "total_latency_p50_ms": 52174.77369308472,
      "total_latency_p95_ms": 74343.31961870193,
      "total_latency_p99_ms": 74387.45784044266,
      "tpot_p50_ms": 83.52583915053515,
      "tpot_p95_ms": 89.64451812718012,
      "tpot_p99_ms": 89.93778660339386,
      "throughput_tok_per_sec": 1073.8956842901105,
      "gpu_utilization_mean": 99.74603174603175,
      "gpu_utilization_p50": 100.0,
      "engine": "vllm",
      "concurrency": 128,
      "wall_time_ms": 75736.85331642628,
      "model_id": "meta-llama/Llama-3.1-8B-Instruct",
      "model_short_name": "Llama-3.1-8B-Instruct"
    }
  ]
}