{
  "num_requests": 200,
  "num_successful": 165.0,
  "num_failed": 36,
  "ttft_p50_ms": 3464.7485613822937,
  "ttft_p95_ms": 12780.680215358732,
  "ttft_p99_ms": 13131.511192321777,
  "total_latency_p50_ms": 33743.44730377197,
  "total_latency_p95_ms": 42147.465097904205,
  "total_latency_p99_ms": 42878.822576999664,
  "tpot_p50_ms": 56.257003207496005,
  "tpot_p95_ms": 64.05873881860722,
  "tpot_p99_ms": 66.95465343105816,
  "throughput_tok_per_sec": 998.0543218877417,
  "gpu_utilization_mean": 99.75811090722833,
  "gpu_utilization_p50": 100.0,
  "engine": "vllm",
  "concurrency": 64,
  "wall_time_ms": 84338.59248831868,
  "model_id": "meta-llama/Llama-3.1-8B-Instruct",
  "model_short_name": "Llama-3.1-8B-Instruct",
  "repeats": 2,
  "throughput_tok_per_sec_mean": 998.0543218877417,
  "throughput_tok_per_sec_std": 5.411852793442051,
  "ttft_p50_ms_mean": 3464.7485613822937,
  "ttft_p50_ms_std": 622.6782202720642,
  "ttft_p99_ms_mean": 13131.511192321777,
  "ttft_p99_ms_std": 333.72663736343384,
  "tpot_p50_ms_mean": 56.257003207496005,
  "tpot_p50_ms_std": 0.5255144402938825,
  "gpu_utilization_mean_mean": 99.75811090722833,
  "gpu_utilization_mean_std": 0.08749479348425382,
  "num_successful_mean": 165.0,
  "num_successful_std": 1.0,
  "runs": [
    {
      "num_requests": 200,
      "num_successful": 164,
      "num_failed": 36,
      "ttft_p50_ms": 2842.0703411102295,
      "ttft_p95_ms": 12780.680215358732,
      "ttft_p99_ms": 13465.237829685211,
      "total_latency_p50_ms": 33743.44730377197,
      "total_latency_p95_ms": 42147.465097904205,
      "total_latency_p99_ms": 42878.822576999664,
      "tpot_p50_ms": 56.78251764778989,
      "tpot_p95_ms": 64.05873881860722,
      "tpot_p99_ms": 66.95465343105816,
      "throughput_tok_per_sec": 992.6424690942996,
      "gpu_utilization_mean": 99.84560570071258,
      "gpu_utilization_p50": 100.0,
      "engine": "vllm",
      "concurrency": 64,
      "wall_time_ms": 84338.59248831868,
      "model_id": "meta-llama/Llama-3.1-8B-Instruct",
      "model_short_name": "Llama-3.1-8B-Instruct"
    },
    {
      "num_requests": 200,
      "num_successful": 166,
      "num_failed": 34,
      "ttft_p50_ms": 4087.426781654358,
      "ttft_p95_ms": 11384.125053882599,
      "ttft_p99_ms": 12797.784554958344,
      "total_latency_p50_ms": 34243.83080005646,
      "total_latency_p95_ms": 40179.97074127197,
      "total_latency_p99_ms": 41555.89681863785,
      "tpot_p50_ms": 55.73148876720212,
      "tpot_p95_ms": 65.86619202638093,
      "tpot_p99_ms": 67.27371677727149,
      "throughput_tok_per_sec": 1003.4661746811837,
      "gpu_utilization_mean": 99.67061611374407,
      "gpu_utilization_p50": 100.0,
      "engine": "vllm",
      "concurrency": 64,
      "wall_time_ms": 84636.5304235369,
      "model_id": "meta-llama/Llama-3.1-8B-Instruct",
      "model_short_name": "Llama-3.1-8B-Instruct"
    }
  ]
}