{
  "num_requests": 200,
  "num_successful": 161.5,
  "num_failed": 39,
  "ttft_p50_ms": 476.0938286781311,
  "ttft_p95_ms": 1491.4164543151855,
  "ttft_p99_ms": 1962.3395466804495,
  "total_latency_p50_ms": 8908.867359161377,
  "total_latency_p95_ms": 10464.05839920044,
  "total_latency_p99_ms": 11295.529937744142,
  "tpot_p50_ms": 16.27505922037561,
  "tpot_p95_ms": 18.01292723638904,
  "tpot_p99_ms": 19.053030107352598,
  "throughput_tok_per_sec": 450.11338899055596,
  "gpu_utilization_mean": 99.92665882115173,
  "gpu_utilization_p50": 100.0,
  "engine": "vllm",
  "concurrency": 8,
  "wall_time_ms": 183782.20768086612,
  "model_id": "meta-llama/Llama-3.1-8B-Instruct",
  "model_short_name": "Llama-3.1-8B-Instruct",
  "repeats": 2,
  "throughput_tok_per_sec_mean": 450.11338899055596,
  "throughput_tok_per_sec_std": 2.6478147299718557,
  "ttft_p50_ms_mean": 476.0938286781311,
  "ttft_p50_ms_std": 114.34978246688843,
  "ttft_p99_ms_mean": 1962.3395466804495,
  "ttft_p99_ms_std": 341.0369372367867,
  "tpot_p50_ms_mean": 16.27505922037561,
  "tpot_p50_ms_std": 0.1371592691499881,
  "gpu_utilization_mean_mean": 99.92665882115173,
  "gpu_utilization_mean_std": 0.02263234569669237,
  "num_successful_mean": 161.5,
  "num_successful_std": 0.5,
  "runs": [
    {
      "num_requests": 200,
      "num_successful": 161,
      "num_failed": 39,
      "ttft_p50_ms": 590.4436111450195,
      "ttft_p95_ms": 1491.4164543151855,
      "ttft_p99_ms": 2303.3764839172363,
      "total_latency_p50_ms": 8908.867359161377,
      "total_latency_p95_ms": 10464.05839920044,
      "total_latency_p99_ms": 11295.529937744142,
      "tpot_p50_ms": 16.137899951225624,
      "tpot_p95_ms": 18.01292723638904,
      "tpot_p99_ms": 19.053030107352598,
      "throughput_tok_per_sec": 447.4655742605841,
      "gpu_utilization_mean": 99.94929116684843,
      "gpu_utilization_p50": 100.0,
      "engine": "vllm",
      "concurrency": 8,
      "wall_time_ms": 183782.20768086612,
      "model_id": "meta-llama/Llama-3.1-8B-Instruct",
      "model_short_name": "Llama-3.1-8B-Instruct"
    },
    {
      "num_requests": 200,
      "num_successful": 162,
      "num_failed": 38,
      "ttft_p50_ms": 361.7440462112427,
      "ttft_p95_ms": 1240.1033639907832,
      "ttft_p99_ms": 1621.302609443663,
      "total_latency_p50_ms": 8796.509742736816,
      "total_latency_p95_ms": 9867.70989894867,
      "total_latency_p99_ms": 10571.522026062012,
      "tpot_p50_ms": 16.4122184895256,
      "tpot_p95_ms": 18.364692690787717,
      "tpot_p99_ms": 18.83786574070464,
      "throughput_tok_per_sec": 452.7612037205278,
      "gpu_utilization_mean": 99.90402647545504,
      "gpu_utilization_p50": 100.0,
      "engine": "vllm",
      "concurrency": 8,
      "wall_time_ms": 181780.5523071438,
      "model_id": "meta-llama/Llama-3.1-8B-Instruct",
      "model_short_name": "Llama-3.1-8B-Instruct"
    }
  ]
}