{
  "num_requests": 200,
  "num_successful": 200,
  "num_failed": 0,
  "ttft_p50_ms": 66.0780668258667,
  "ttft_p95_ms": 97.12792634963989,
  "ttft_p99_ms": 101.61705493927002,
  "total_latency_p50_ms": 3569.433331489563,
  "total_latency_p95_ms": 3608.0536484718323,
  "total_latency_p99_ms": 3608.9778876304626,
  "tpot_p50_ms": 13.726459764966776,
  "tpot_p95_ms": 13.770535459705428,
  "tpot_p99_ms": 13.787202956629734,
  "throughput_tok_per_sec": 2094.065216991079,
  "gpu_utilization_mean": 99.63265306122449,
  "gpu_utilization_p50": 100.0,
  "engine": "vllm",
  "concurrency": 32,
  "wall_time_ms": 24467.485655099154,
  "model_id": "meta-llama/Llama-3.1-8B-Instruct",
  "model_short_name": "Llama-3.1-8B-Instruct"
}