{
  "num_requests": 200,
  "num_successful": 200.0,
  "num_failed": 0,
  "ttft_p50_ms": 184.96769666671753,
  "ttft_p95_ms": 5322.923445701599,
  "ttft_p99_ms": 5230.6907296180725,
  "total_latency_p50_ms": 5055.274128913879,
  "total_latency_p95_ms": 9951.055920124054,
  "total_latency_p99_ms": 9955.517404079437,
  "tpot_p50_ms": 18.945994330387492,
  "tpot_p95_ms": 19.125300575705136,
  "tpot_p99_ms": 19.131989348168467,
  "throughput_tok_per_sec": 5060.425501044714,
  "gpu_utilization_mean": 98.76173267326733,
  "gpu_utilization_p50": 100.0,
  "engine": "vllm",
  "concurrency": 128,
  "wall_time_ms": 10214.76593799889,
  "model_id": "meta-llama/Llama-3.1-8B-Instruct",
  "model_short_name": "Llama-3.1-8B-Instruct",
  "repeats": 2,
  "throughput_tok_per_sec_mean": 5060.425501044714,
  "throughput_tok_per_sec_std": 38.638970806430734,
  "ttft_p50_ms_mean": 184.96769666671753,
  "ttft_p50_ms_std": 35.91209650039673,
  "ttft_p99_ms_mean": 5230.6907296180725,
  "ttft_p99_ms_std": 92.74744749069214,
  "tpot_p50_ms_mean": 18.945994330387492,
  "tpot_p50_ms_std": 0.12906743030922208,
  "gpu_utilization_mean_mean": 98.76173267326733,
  "gpu_utilization_mean_std": 0.10826732673267259,
  "num_successful_mean": 200.0,
  "num_successful_std": 0.0,
  "runs": [
    {
      "num_requests": 200,
      "num_successful": 200,
      "num_failed": 0,
      "ttft_p50_ms": 220.87979316711426,
      "ttft_p95_ms": 5322.923445701599,
      "ttft_p99_ms": 5323.438177108765,
      "total_latency_p50_ms": 5055.274128913879,
      "total_latency_p95_ms": 9951.055920124054,
      "total_latency_p99_ms": 9955.517404079437,
      "tpot_p50_ms": 18.81692690007827,
      "tpot_p95_ms": 19.125300575705136,
      "tpot_p99_ms": 19.131989348168467,
      "throughput_tok_per_sec": 5021.786530238283,
      "gpu_utilization_mean": 98.87,
      "gpu_utilization_p50": 100.0,
      "engine": "vllm",
      "concurrency": 128,
      "wall_time_ms": 10214.76593799889,
      "model_id": "meta-llama/Llama-3.1-8B-Instruct",
      "model_short_name": "Llama-3.1-8B-Instruct"
    },
    {
      "num_requests": 200,
      "num_successful": 200,
      "num_failed": 0,
      "ttft_p50_ms": 149.0556001663208,
      "ttft_p95_ms": 5137.719082832336,
      "ttft_p99_ms": 5137.94328212738,
      "total_latency_p50_ms": 5022.3177671432495,
      "total_latency_p95_ms": 10006.987822055817,
      "total_latency_p99_ms": 10010.046744346619,
      "tpot_p50_ms": 19.075061760696713,
      "tpot_p95_ms": 19.130003452301025,
      "tpot_p99_ms": 19.141738498912137,
      "throughput_tok_per_sec": 5099.064471851145,
      "gpu_utilization_mean": 98.65346534653466,
      "gpu_utilization_p50": 100.0,
      "engine": "vllm",
      "concurrency": 128,
      "wall_time_ms": 10055.800907313824,
      "model_id": "meta-llama/Llama-3.1-8B-Instruct",
      "model_short_name": "Llama-3.1-8B-Instruct"
    }
  ]
}