{
  "num_requests": 200,
  "num_successful": 200,
  "num_failed": 0,
  "ttft_p50_ms": 18.804430961608887,
  "ttft_p95_ms": 21.886909008026123,
  "ttft_p99_ms": 23.79674673080444,
  "total_latency_p50_ms": 2962.636947631836,
  "total_latency_p95_ms": 2970.3726291656494,
  "total_latency_p99_ms": 2972.6319670677185,
  "tpot_p50_ms": 11.541609203114229,
  "tpot_p95_ms": 11.568660502340279,
  "tpot_p99_ms": 11.57387949438656,
  "throughput_tok_per_sec": 86.39023875474943,
  "gpu_utilization_mean": 99.66570848833277,
  "gpu_utilization_p50": 100.0,
  "engine": "vllm",
  "concurrency": 1,
  "wall_time_ms": 592692.1987142414,
  "model_id": "meta-llama/Llama-3.1-8B-Instruct",
  "model_short_name": "Llama-3.1-8B-Instruct"
}