{
  "num_requests": 200,
  "num_successful": 200.0,
  "num_failed": 0,
  "ttft_p50_ms": 36.41694784164429,
  "ttft_p95_ms": 46.27588987350464,
  "ttft_p99_ms": 48.66380453109741,
  "total_latency_p50_ms": 3045.7273721694946,
  "total_latency_p95_ms": 3060.524082183838,
  "total_latency_p99_ms": 3061.883444786072,
  "tpot_p50_ms": 11.801511166142483,
  "tpot_p95_ms": 11.825538990544338,
  "tpot_p99_ms": 11.830924202414119,
  "throughput_tok_per_sec": 671.5210487877596,
  "gpu_utilization_mean": 99.93298291721419,
  "gpu_utilization_p50": 100.0,
  "engine": "vllm",
  "concurrency": 8,
  "wall_time_ms": 76233.56308974326,
  "model_id": "meta-llama/Llama-3.1-8B-Instruct",
  "model_short_name": "Llama-3.1-8B-Instruct",
  "repeats": 2,
  "throughput_tok_per_sec_mean": 671.5210487877596,
  "throughput_tok_per_sec_std": 0.2675718622239174,
  "ttft_p50_ms_mean": 36.41694784164429,
  "ttft_p50_ms_std": 0.17148256301879883,
  "ttft_p99_ms_mean": 48.66380453109741,
  "ttft_p99_ms_std": 0.39929628372192383,
  "tpot_p50_ms_mean": 11.801511166142483,
  "tpot_p50_ms_std": 0.002129405152563102,
  "gpu_utilization_mean_mean": 99.93298291721419,
  "gpu_utilization_mean_std": 0.022339027595265293,
  "num_successful_mean": 200.0,
  "num_successful_std": 0.0,
  "runs": [
    {
      "num_requests": 200,
      "num_successful": 200,
      "num_failed": 0,
      "ttft_p50_ms": 36.24546527862549,
      "ttft_p95_ms": 46.27588987350464,
      "ttft_p99_ms": 48.26450824737549,
      "total_latency_p50_ms": 3045.7273721694946,
      "total_latency_p95_ms": 3060.524082183838,
      "total_latency_p99_ms": 3061.883444786072,
      "tpot_p50_ms": 11.799381760989919,
      "tpot_p95_ms": 11.825538990544338,
      "tpot_p99_ms": 11.830924202414119,
      "throughput_tok_per_sec": 671.7886206499835,
      "gpu_utilization_mean": 99.95532194480946,
      "gpu_utilization_p50": 100.0,
      "engine": "vllm",
      "concurrency": 8,
      "wall_time_ms": 76233.56308974326,
      "model_id": "meta-llama/Llama-3.1-8B-Instruct",
      "model_short_name": "Llama-3.1-8B-Instruct"
    },
    {
      "num_requests": 200,
      "num_successful": 200,
      "num_failed": 0,
      "ttft_p50_ms": 36.588430404663086,
      "ttft_p95_ms": 47.329604625701904,
      "ttft_p99_ms": 49.063100814819336,
      "total_latency_p50_ms": 3047.166347503662,
      "total_latency_p95_ms": 3060.0704431533813,
      "total_latency_p99_ms": 3061.940324306488,
      "tpot_p50_ms": 11.803640571295045,
      "tpot_p95_ms": 11.836603996800442,
      "tpot_p99_ms": 11.841975922678031,
      "throughput_tok_per_sec": 671.2534769255357,
      "gpu_utilization_mean": 99.91064388961892,
      "gpu_utilization_p50": 100.0,
      "engine": "vllm",
      "concurrency": 8,
      "wall_time_ms": 76290.95704294741,
      "model_id": "meta-llama/Llama-3.1-8B-Instruct",
      "model_short_name": "Llama-3.1-8B-Instruct"
    }
  ]
}