{
  "num_requests": 200,
  "num_successful": 200,
  "num_failed": 0,
  "ttft_p50_ms": 64.6437406539917,
  "ttft_p95_ms": 2088.7136101722717,
  "ttft_p99_ms": 2089.2807292938232,
  "total_latency_p50_ms": 3574.965238571167,
  "total_latency_p95_ms": 5585.303235054016,
  "total_latency_p99_ms": 5589.3660497665405,
  "tpot_p50_ms": 13.750685430040546,
  "tpot_p95_ms": 13.788212514391134,
  "tpot_p99_ms": 13.804674803041944,
  "throughput_tok_per_sec": 1934.2148724719866,
  "gpu_utilization_mean": 91.85227272727273,
  "gpu_utilization_p50": 100.0,
  "engine": "vllm",
  "concurrency": 32,
  "wall_time_ms": 26486.084423959255,
  "model_id": "meta-llama/Llama-3.1-8B-Instruct",
  "model_short_name": "Llama-3.1-8B-Instruct"
}