{
  "num_requests": 200,
  "num_successful": 200.0,
  "num_failed": 0,
  "ttft_p50_ms": 112.90985345840454,
  "ttft_p95_ms": 182.92044401168823,
  "ttft_p99_ms": 161.00583672523499,
  "total_latency_p50_ms": 4348.200678825378,
  "total_latency_p95_ms": 4409.728586673737,
  "total_latency_p99_ms": 4412.75586605072,
  "tpot_p50_ms": 16.595245810116037,
  "tpot_p95_ms": 16.69865921431897,
  "tpot_p99_ms": 16.715998462602204,
  "throughput_tok_per_sec": 3192.6496571864823,
  "gpu_utilization_mean": 99.2983695652174,
  "gpu_utilization_p50": 100.0,
  "engine": "vllm",
  "concurrency": 64,
  "wall_time_ms": 16100.386641919613,
  "model_id": "meta-llama/Llama-3.1-8B-Instruct",
  "model_short_name": "Llama-3.1-8B-Instruct",
  "repeats": 2,
  "throughput_tok_per_sec_mean": 3192.6496571864823,
  "throughput_tok_per_sec_std": 5.078261166379889,
  "ttft_p50_ms_mean": 112.90985345840454,
  "ttft_p50_ms_std": 1.0800957679748535,
  "ttft_p99_ms_mean": 161.00583672523499,
  "ttft_p99_ms_std": 23.747488260269165,
  "tpot_p50_ms_mean": 16.595245810116037,
  "tpot_p50_ms_std": 0.012298191294949135,
  "gpu_utilization_mean_mean": 99.2983695652174,
  "gpu_utilization_mean_std": 0.22336956521738927,
  "num_successful_mean": 200.0,
  "num_successful_std": 0.0,
  "runs": [
    {
      "num_requests": 200,
      "num_successful": 200,
      "num_failed": 0,
      "ttft_p50_ms": 113.9899492263794,
      "ttft_p95_ms": 182.92044401168823,
      "ttft_p99_ms": 184.75332498550415,
      "total_latency_p50_ms": 4348.200678825378,
      "total_latency_p95_ms": 4409.728586673737,
      "total_latency_p99_ms": 4412.75586605072,
      "tpot_p50_ms": 16.607544001410986,
      "tpot_p95_ms": 16.69865921431897,
      "tpot_p99_ms": 16.715998462602204,
      "throughput_tok_per_sec": 3187.5713960201024,
      "gpu_utilization_mean": 99.52173913043478,
      "gpu_utilization_p50": 100.0,
      "engine": "vllm",
      "concurrency": 64,
      "wall_time_ms": 16100.386641919613,
      "model_id": "meta-llama/Llama-3.1-8B-Instruct",
      "model_short_name": "Llama-3.1-8B-Instruct"
    },
    {
      "num_requests": 200,
      "num_successful": 200,
      "num_failed": 0,
      "ttft_p50_ms": 111.82975769042969,
      "ttft_p95_ms": 135.31312942504883,
      "ttft_p99_ms": 137.25834846496582,
      "total_latency_p50_ms": 4340.000152587891,
      "total_latency_p95_ms": 4385.853159427643,
      "total_latency_p99_ms": 4389.355428218842,
      "tpot_p50_ms": 16.582947618821088,
      "tpot_p95_ms": 16.68191479701622,
      "tpot_p99_ms": 16.714008303249585,
      "throughput_tok_per_sec": 3197.727918352862,
      "gpu_utilization_mean": 99.075,
      "gpu_utilization_p50": 100.0,
      "engine": "vllm",
      "concurrency": 64,
      "wall_time_ms": 16029.6039134264,
      "model_id": "meta-llama/Llama-3.1-8B-Instruct",
      "model_short_name": "Llama-3.1-8B-Instruct"
    }
  ]
}