{
  "num_requests": 200,
  "num_successful": 200,
  "num_failed": 0,
  "ttft_p50_ms": 2628.0674934387207,
  "ttft_p95_ms": 5177.921175956726,
  "ttft_p99_ms": 5179.122066497803,
  "total_latency_p50_ms": 7449.0461349487305,
  "total_latency_p95_ms": 10010.51813364029,
  "total_latency_p99_ms": 10013.673586845398,
  "tpot_p50_ms": 19.016633314244885,
  "tpot_p95_ms": 19.080400887657614,
  "tpot_p99_ms": 19.089610595329138,
  "throughput_tok_per_sec": 5106.218834589112,
  "gpu_utilization_mean": 98.86,
  "gpu_utilization_p50": 100.0,
  "engine": "vllm",
  "concurrency": 256,
  "wall_time_ms": 10043.908935040236,
  "model_id": "meta-llama/Llama-3.1-8B-Instruct",
  "model_short_name": "Llama-3.1-8B-Instruct"
}