{
  "num_requests": 200,
  "num_successful": 200.0,
  "num_failed": 0,
  "ttft_p50_ms": 20.930469036102295,
  "ttft_p95_ms": 29.360723495483395,
  "ttft_p99_ms": 27.46436953544616,
  "total_latency_p50_ms": 2964.015245437622,
  "total_latency_p95_ms": 2976.7584562301636,
  "total_latency_p99_ms": 2978.5039162635803,
  "tpot_p50_ms": 11.53659423192342,
  "tpot_p95_ms": 11.5657172016069,
  "tpot_p99_ms": 11.573565006256104,
  "throughput_tok_per_sec": 86.35739437944194,
  "gpu_utilization_mean": 99.64672717421033,
  "gpu_utilization_p50": 100.0,
  "engine": "vllm",
  "concurrency": 1,
  "wall_time_ms": 593120.1019249856,
  "model_id": "meta-llama/Llama-3.1-8B-Instruct",
  "model_short_name": "Llama-3.1-8B-Instruct",
  "repeats": 2,
  "throughput_tok_per_sec_mean": 86.35739437944194,
  "throughput_tok_per_sec_std": 0.032844375307490736,
  "ttft_p50_ms_mean": 20.930469036102295,
  "ttft_p50_ms_std": 2.126038074493408,
  "ttft_p99_ms_mean": 27.46436953544616,
  "ttft_p99_ms_std": 3.66762280464172,
  "tpot_p50_ms_mean": 11.53659423192342,
  "tpot_p50_ms_std": 0.005014971190807849,
  "gpu_utilization_mean_mean": 99.64672717421033,
  "gpu_utilization_mean_std": 0.018981314122449078,
  "num_successful_mean": 200.0,
  "num_successful_std": 0.0,
  "runs": [
    {
      "num_requests": 200,
      "num_successful": 200,
      "num_failed": 0,
      "ttft_p50_ms": 23.056507110595703,
      "ttft_p95_ms": 29.360723495483395,
      "ttft_p99_ms": 31.13199234008788,
      "total_latency_p50_ms": 2964.015245437622,
      "total_latency_p95_ms": 2976.7584562301636,
      "total_latency_p99_ms": 2978.5039162635803,
      "tpot_p50_ms": 11.531579260732613,
      "tpot_p95_ms": 11.5657172016069,
      "tpot_p99_ms": 11.573565006256104,
      "throughput_tok_per_sec": 86.32455000413445,
      "gpu_utilization_mean": 99.62774586008787,
      "gpu_utilization_p50": 100.0,
      "engine": "vllm",
      "concurrency": 1,
      "wall_time_ms": 593120.1019249856,
      "model_id": "meta-llama/Llama-3.1-8B-Instruct",
      "model_short_name": "Llama-3.1-8B-Instruct"
    },
    {
      "num_requests": 200,
      "num_successful": 200,
      "num_failed": 0,
      "ttft_p50_ms": 18.804430961608887,
      "ttft_p95_ms": 21.886909008026123,
      "ttft_p99_ms": 23.79674673080444,
      "total_latency_p50_ms": 2962.636947631836,
      "total_latency_p95_ms": 2970.3726291656494,
      "total_latency_p99_ms": 2972.6319670677185,
      "tpot_p50_ms": 11.541609203114229,
      "tpot_p95_ms": 11.568660502340279,
      "tpot_p99_ms": 11.57387949438656,
      "throughput_tok_per_sec": 86.39023875474943,
      "gpu_utilization_mean": 99.66570848833277,
      "gpu_utilization_p50": 100.0,
      "engine": "vllm",
      "concurrency": 1,
      "wall_time_ms": 592692.1987142414,
      "model_id": "meta-llama/Llama-3.1-8B-Instruct",
      "model_short_name": "Llama-3.1-8B-Instruct"
    }
  ]
}