{
  "num_requests": 200,
  "num_successful": 200,
  "num_failed": 0,
  "ttft_p50_ms": 36.24546527862549,
  "ttft_p95_ms": 46.27588987350464,
  "ttft_p99_ms": 48.26450824737549,
  "total_latency_p50_ms": 3045.7273721694946,
  "total_latency_p95_ms": 3060.524082183838,
  "total_latency_p99_ms": 3061.883444786072,
  "tpot_p50_ms": 11.799381760989919,
  "tpot_p95_ms": 11.825538990544338,
  "tpot_p99_ms": 11.830924202414119,
  "throughput_tok_per_sec": 671.7886206499835,
  "gpu_utilization_mean": 99.95532194480946,
  "gpu_utilization_p50": 100.0,
  "engine": "vllm",
  "concurrency": 8,
  "wall_time_ms": 76233.56308974326,
  "model_id": "meta-llama/Llama-3.1-8B-Instruct",
  "model_short_name": "Llama-3.1-8B-Instruct"
}