{
  "num_requests": 200,
  "num_successful": 200.0,
  "num_failed": 0,
  "ttft_p50_ms": 2652.733862400055,
  "ttft_p95_ms": 5177.921175956726,
  "ttft_p99_ms": 5184.270018339157,
  "total_latency_p50_ms": 7449.0461349487305,
  "total_latency_p95_ms": 10010.51813364029,
  "total_latency_p99_ms": 10013.673586845398,
  "tpot_p50_ms": 19.021051070269415,
  "tpot_p95_ms": 19.080400887657614,
  "tpot_p99_ms": 19.089610595329138,
  "throughput_tok_per_sec": 5106.012759146476,
  "gpu_utilization_mean": 98.25,
  "gpu_utilization_p50": 100.0,
  "engine": "vllm",
  "concurrency": 256,
  "wall_time_ms": 10043.908935040236,
  "model_id": "meta-llama/Llama-3.1-8B-Instruct",
  "model_short_name": "Llama-3.1-8B-Instruct",
  "repeats": 2,
  "throughput_tok_per_sec_mean": 5106.012759146476,
  "throughput_tok_per_sec_std": 0.20607544263566524,
  "ttft_p50_ms_mean": 2652.733862400055,
  "ttft_p50_ms_std": 24.66636896133423,
  "ttft_p99_ms_mean": 5184.270018339157,
  "ttft_p99_ms_std": 5.14795184135437,
  "tpot_p50_ms_mean": 19.021051070269415,
  "tpot_p50_ms_std": 0.004417756024530206,
  "gpu_utilization_mean_mean": 98.25,
  "gpu_utilization_mean_std": 0.6099999999999994,
  "num_successful_mean": 200.0,
  "num_successful_std": 0.0,
  "runs": [
    {
      "num_requests": 200,
      "num_successful": 200,
      "num_failed": 0,
      "ttft_p50_ms": 2628.0674934387207,
      "ttft_p95_ms": 5177.921175956726,
      "ttft_p99_ms": 5179.122066497803,
      "total_latency_p50_ms": 7449.0461349487305,
      "total_latency_p95_ms": 10010.51813364029,
      "total_latency_p99_ms": 10013.673586845398,
      "tpot_p50_ms": 19.016633314244885,
      "tpot_p95_ms": 19.080400887657614,
      "tpot_p99_ms": 19.089610595329138,
      "throughput_tok_per_sec": 5106.218834589112,
      "gpu_utilization_mean": 98.86,
      "gpu_utilization_p50": 100.0,
      "engine": "vllm",
      "concurrency": 256,
      "wall_time_ms": 10043.908935040236,
      "model_id": "meta-llama/Llama-3.1-8B-Instruct",
      "model_short_name": "Llama-3.1-8B-Instruct"
    },
    {
      "num_requests": 200,
      "num_successful": 200,
      "num_failed": 0,
      "ttft_p50_ms": 2677.400231361389,
      "ttft_p95_ms": 5188.828432559967,
      "ttft_p99_ms": 5189.4179701805115,
      "total_latency_p50_ms": 7508.556127548218,
      "total_latency_p95_ms": 10012.716948986053,
      "total_latency_p99_ms": 10013.821749687195,
      "tpot_p50_ms": 19.025468826293945,
      "tpot_p95_ms": 19.104624215294333,
      "tpot_p99_ms": 19.1393728723713,
      "throughput_tok_per_sec": 5105.8066837038405,
      "gpu_utilization_mean": 97.64,
      "gpu_utilization_p50": 100.0,
      "engine": "vllm",
      "concurrency": 256,
      "wall_time_ms": 10042.878855019808,
      "model_id": "meta-llama/Llama-3.1-8B-Instruct",
      "model_short_name": "Llama-3.1-8B-Instruct"
    }
  ]
}