{
  "num_requests": 200,
  "num_successful": 200.0,
  "num_failed": 0,
  "ttft_p50_ms": 65.3609037399292,
  "ttft_p95_ms": 2088.7136101722717,
  "ttft_p99_ms": 1095.4488921165466,
  "total_latency_p50_ms": 3574.965238571167,
  "total_latency_p95_ms": 5585.303235054016,
  "total_latency_p99_ms": 5589.3660497665405,
  "tpot_p50_ms": 13.738572597503662,
  "tpot_p95_ms": 13.788212514391134,
  "tpot_p99_ms": 13.804674803041944,
  "throughput_tok_per_sec": 2014.1400447315327,
  "gpu_utilization_mean": 95.7424628942486,
  "gpu_utilization_p50": 100.0,
  "engine": "vllm",
  "concurrency": 32,
  "wall_time_ms": 26486.084423959255,
  "model_id": "meta-llama/Llama-3.1-8B-Instruct",
  "model_short_name": "Llama-3.1-8B-Instruct",
  "repeats": 2,
  "throughput_tok_per_sec_mean": 2014.1400447315327,
  "throughput_tok_per_sec_std": 79.92517225954623,
  "ttft_p50_ms_mean": 65.3609037399292,
  "ttft_p50_ms_std": 0.7171630859375,
  "ttft_p99_ms_mean": 1095.4488921165466,
  "ttft_p99_ms_std": 993.8318371772766,
  "tpot_p50_ms_mean": 13.738572597503662,
  "tpot_p50_ms_std": 0.012112832536884888,
  "gpu_utilization_mean_mean": 95.7424628942486,
  "gpu_utilization_mean_std": 3.890190166975877,
  "num_successful_mean": 200.0,
  "num_successful_std": 0.0,
  "runs": [
    {
      "num_requests": 200,
      "num_successful": 200,
      "num_failed": 0,
      "ttft_p50_ms": 64.6437406539917,
      "ttft_p95_ms": 2088.7136101722717,
      "ttft_p99_ms": 2089.2807292938232,
      "total_latency_p50_ms": 3574.965238571167,
      "total_latency_p95_ms": 5585.303235054016,
      "total_latency_p99_ms": 5589.3660497665405,
      "tpot_p50_ms": 13.750685430040546,
      "tpot_p95_ms": 13.788212514391134,
      "tpot_p99_ms": 13.804674803041944,
      "throughput_tok_per_sec": 1934.2148724719866,
      "gpu_utilization_mean": 91.85227272727273,
      "gpu_utilization_p50": 100.0,
      "engine": "vllm",
      "concurrency": 32,
      "wall_time_ms": 26486.084423959255,
      "model_id": "meta-llama/Llama-3.1-8B-Instruct",
      "model_short_name": "Llama-3.1-8B-Instruct"
    },
    {
      "num_requests": 200,
      "num_successful": 200,
      "num_failed": 0,
      "ttft_p50_ms": 66.0780668258667,
      "ttft_p95_ms": 97.12792634963989,
      "ttft_p99_ms": 101.61705493927002,
      "total_latency_p50_ms": 3569.433331489563,
      "total_latency_p95_ms": 3608.0536484718323,
      "total_latency_p99_ms": 3608.9778876304626,
      "tpot_p50_ms": 13.726459764966776,
      "tpot_p95_ms": 13.770535459705428,
      "tpot_p99_ms": 13.787202956629734,
      "throughput_tok_per_sec": 2094.065216991079,
      "gpu_utilization_mean": 99.63265306122449,
      "gpu_utilization_p50": 100.0,
      "engine": "vllm",
      "concurrency": 32,
      "wall_time_ms": 24467.485655099154,
      "model_id": "meta-llama/Llama-3.1-8B-Instruct",
      "model_short_name": "Llama-3.1-8B-Instruct"
    }
  ]
}